<?xml version="1.0" encoding="utf-8" standalone="no" ?>
<crawler>
    <file name="wheels/smarttrax.i3d" leftNode="0|3" rightNode="0|2"/>
    <scrollerNodes>
        <scrollerNode node="0" scrollSpeed="0.5" scrollLength="6.76" shaderParameterName="offsetUV" shaderParameterComponent="1"/>
    </scrollerNodes>
    <rotatingParts>
        <rotatingPart node="1" radius="0.713" />
        <rotatingPart node="2" radius="0.314" />
        <rotatingPart node="3" radius="0.314" />
        <rotatingPart node="4" radius="0.209" />
        <rotatingPart node="5" radius="0.209" />
    </rotatingParts>
</crawler>