<?xml version="1.0" encoding="utf-8" standalone="no" ?>
<crawler>
    <file name="wheels/AxialFlow_tires.i3d" leftNode="1|1" rightNode="1|0"/>
    <scrollerNodes>
        <scrollerNode node="8" scrollSpeed="-0.165" scrollLength="6.20" shaderParameterName="scrollPosition" shaderParameterComponent="1"/>
    </scrollerNodes>
    <rotatingParts>
        <rotatingPart node="1" radius="0.447" />
        <rotatingPart node="2" radius="0.32" />
        <rotatingPart node="3" radius="0.32" />
        <rotatingPart node="4" radius="0.17" />
        <rotatingPart node="5" radius="0.17" />
        <rotatingPart node="6" radius="0.17" />
    </rotatingParts>
</crawler>