<?xml version="1.0" encoding="utf-8" standalone="no" ?>
<wheel>
    <default>
        <physics radius="1.029" width="0.8" mass="0.362" tireType="mud" frictionScale="1.60" maxLongStiffness="8" maxLatStiffness="100" maxLatStiffnessLoad="2" />
        <tire filename="$data/shared/wheels/mitas/SFT/R38_SFT.i3d" nodeLeft="4|0" nodeRight="4|0" maxDeformation="0.109" isCareWheel="false" tireTrackAtlasIndex="0" />
        <innerRim filename="wheels/AxialFlow_tires.i3d" nodeLeft="3|0" nodeRight="3|1" />
    </default>
    <configurations>
        <configuration id="singleMichelin" >
			<tire filename="$data/shared/wheels/michelin/machXbib/R38_machXbib.i3d" nodeLeft="3|0" nodeRight="3|0" maxDeformation="0.11" isCareWheel="false" tireTrackAtlasIndex="0" />
        </configuration>
    </configurations>
</wheel>
