﻿<?xml version="1.0" encoding="utf-8" standalone="no" ?>
<modDesc descVersion="53">
    <author>JHHG Modding</author>
	<contributors>BlendArt and LR Modding (cooperation with LSW tires)</contributors>
    <version>1.0.0.2</version>
    <iconFilename>icon_AxialFlow250Series.dds</iconFilename>
	<title>
        <en>Case Axial-Flow 250 Series</en>
        <de>Case Axial-Flow 250 Serie</de>
        <fr>Case Axial-Flow 250 Série</fr>
        <pl>Case Axial-Flow Seria 250</pl>
    </title>
	
	<description>
        <en><![CDATA[This is Case Axial-Flow 250 Series 2020 North America

Price: 432000 $
Performance: 555HP - 625HP
Category: Combine Harvester
Capacity: 14448l - 26780l

Configurations:
- 20 Wheels Configurations in 2WD or RWA variant (LSW Floaters, Row Crop Duals, Wide Duals, Singles, Wide Singles) 
- 6 Tracks Configurations in 2WD or RWA variant
- 2 250 Series motor Configurations (8250 / 9250)
- 2 Grain Tank Configurations (Static WINDOM Extension / standard Foldable Extension)
- 3 Pipe Configurations (Standard / New Foldable / New Static)
- 4 Hitch Extension Configurations (No / Standard / Static Extension / Foldable Extension)
- 2 Rear axis Configurations (Standard / Wide)
- 3 Tires brands (Michelin / Case / LSW)

Addons and New Features:
- Fully Americanized version: all US decals and stickers, proper US Spreaders, Tracks Systems, US wheels spacing and sizes, US Grain Tanks Configurations
- Extrimiti Lights (US Flashers) work like Turn Lights and Default Lights depending from which Lights we will turn on
- Edited model for more proper US version
- Realisitc Axial-Flow 250 Series threshing sounds,
- Spreader works only when we will select swath, when we select straw - Spreader will fold and turn off
- All real Number Dashboards for Worked Hours, Worked Hectares, Operating Time, Speed, RPM, Capacity, Temperature, Fuel Usage and Fuel Capcity
- Real xml values (speed, capacity of Grain Tanks, fuel capacity, fuel usage, overloading speed, motor scales and power)
- All Grain Tanks have Separate FillVolume with different Capacity and shape, Separate Work Lights and auger Pipe with animations.

Changelog: 1.0.0.1
- Fixed problems with LSW 1400, 1250, 1100 and 850 tires Configurations,
- Updated store picture and icon,
- Proper Credits section for Axial-Flow 250 Series Feeder House.

Changelog: 1.0.0.2
- 3D Tracks Configurations,
- New realistic threshing sounds,
- Beep sounds added on 50%, 80% and 100% of grain filling (heard only from the cabin!),
- New LED work lights (front, back, pipe Configurations and grain tank Configurations),
- 3D base model fixes,
- More details on model,
- New grain tank Configuration (Static Factory Extension),
- Fixed detached connectionHoses,
- Fixed few configuration prices to set realistic ones.
]]>		</en>
        <de><![CDATA[Case Axial-Flow 250 Serie 2020 North America

Preis: 432000 €
Leistung: 555 PS - 625 PS
Kategorie: Mähdrescher
Kapazität: 14448 l - 26780 l

Konfigurationen:
- 18 Reifenkonfigurationen in 2WD- oder RWA-Variante (LSW Schwimmreifen, Reihenkulturen Zwillinge, Breite Zwillinge, Einzelbereifung, Breite Einzelbereifung)
- 6-Spur-Konfigurationen in 2WD- oder RWA-Variante
- 2 Motorkonfigurationen der Serie 250 (8250/9250)
- 2 Getreidetankkonfigurationen (statischer WINDOM-Aufbau / faltbarer Aufbau)
- 3 Rohrkonfigurationen (Standard / Neu faltbar / Neu statisch)
- 4 Zugmaulkonfigurationen (keine / Standard / statische Verlängerung / faltbare Verlängerung)
- 2 Hinterachskonfigurationen (Standard / Breit)
- 3 Reifenmarken (Michelin / Case / LSW)

Addons und neue Funktionen:
- Vollständig amerikanisierte Version: alle US Aufkleber, geeignete US-Streuverteiler, Schienensysteme, US-Radabstände und -größen, US-Getreidetank-Konfigurationen
- Extrimiti Lights (US-Blinker) funktionieren wie Blinker und Standardleuchten, je nachdem, welche Lichter eingeschaltet sind
- Überarbeitetes Modell für eine verbesserte US-Version
- Dreschergeräusche der Realisitc Axial-Flow 250-Serie,
- Der Streuverteiler funktioniert nur wenn Schwad gewählt wird, wenn Stroh gewählt wird, klappt der Verteiler zusammen und schaltet sich aus.
- Realen Anzeigen für geleistete Stunden, bearbeitete Hektar, Betriebszeit, Geschwindigkeit, Drehzahl, Kapazität, Temperatur, Kraftstoffverbrauch und Kraftstoffkapazität
- Echte XML-Werte (Geschwindigkeit, Kapazität der Getreidetanks, Kraftstoffkapazität, Kraftstoffverbrauch, Überlastgeschwindigkeit, Motorwaage und Leistung)
- Alle Getreidetanks verfügen über ein separates Füllvolumen mit unterschiedlicher Kapazität und Form, Arbeitsscheinwerfer und ein Schneckenrohr mit Animationen.

Changelog: 1.0.0.1
- Probleme mit LSW 1400-, 1250-, 1100- und 850-Reifenkonfigurationen behoben,
- Aktualisiertes Store-Bild und Symbol,
- Abschnitt "Richtige Credits" für das Feeder House der Axial-Flow 250-Serie.

Changelog: 1.0.0.2
- 3D-Track-Konfigurationen,
- Neue realistische Dreschgeräusche,
- Pieptöne hinzugefügt bei 50%, 80% und 100% der Getreidefüllung (nur aus der Kabine zu hören!),
- Neue LED-Arbeitsscheinwerfer (vorne, hinten, Rohrkonfigurationen und Korntankkonfigurationen),
- Korrekturen am 3D-Basismodell,
- Weitere Details am Modell hinzugefügt,
- Neue Korntankkonfiguration (Static Factory Extension),
- abgelöste Verbindungsschläuche gefixt,
- Einige Konfigurationspreise wurden korrigiert, um realistische Preise festzulegen. 
]]> </de>
        <fr><![CDATA[Il s'agit de Case Axial-Flow 250 Series 2020 North America

Prix: 432000 $
Puissance: 555HP - 625HP
Catégorie: Moissonneuse-batteuse
Capacité: 14448l - 26780l

Configurations:
- Configurations de 20 roues en version 2WD ou RWA (LSW Floaters, Row Crop Duals, Wide Duals, Singles, Wide Singles)
- Configurations 6 voies en variante 2WD ou RWA
- 2 configurations de moteurs de la série 250 (8250/9 250)
- 2 configurations de réservoirs à grains (extension WINDOM statique / extension pliable standard)
- 3 configurations de tuyaux (standard / nouveau pliable / nouveau statique)
- 4 configurations d'extension d'attelage (non / standard / extension statique / extension pliable)
- 2 configurations d'axe arrière (standard / large)
- 3 marques de pneus (Michelin / Case / LSW)

Addons et nouvelles fonctionnalités:
- Version entièrement américanisée: tous les décalcomanies et autocollants américains, les épandeurs américains appropriés, les systèmes de chenilles, l'espacement et les tailles des roues américaines, les configurations des réservoirs de céréales américains
- Les lumières Extrimiti (clignotants américains) fonctionnent comme les clignotants et les lumières par défaut en fonction des lumières à partir desquelles nous allumerons
- Modèle édité pour une version américaine plus appropriée
- sons de battage Realisitc Axial-Flow série 250,
- L'épandeur ne fonctionne que lorsque nous sélectionnerons l'andain, lorsque nous sélectionnons la paille - L'épandeur se pliera et s'éteindra
- Tous les tableaux de bord en nombre réel pour les heures travaillées, les hectares travaillés, le temps de fonctionnement, la vitesse, le régime, la capacité, la température, la consommation de carburant et la capacité de carburant
- Valeurs xml réelles (vitesse, capacité des réservoirs à grains, capacité de carburant, consommation de carburant, vitesse de surcharge, échelles du moteur et puissance)
- Tous les réservoirs à grains ont un volume de remplissage séparé avec une capacité et une forme différentes, des lumières de travail séparées et un tuyau de tarière avec des animations.

Changelog: 1.0.0.1
- Correction de problèmes avec les configurations de pneus LSW 1400, 1250, 1100 et 850,
- Image et icône du magasin mises à jour,
- Section de crédits appropriée pour le mangeoire Axial-Flow série 250.

Changelog: 1.0.0.2
- Configurations de pistes 3D,
- Nouveaux sons de battage réalistes,
- Bip sonores ajoutés sur 50%, 80% et 100% de remplissage de grain (entendu uniquement depuis la cabine !),
- Nouveaux feux de travail à LED (configurations avant, arrière, tuyaux et configurations de trémie),
- Corrections du modèle de base 3D,
- Plus de détails sur le modèle,
- Nouvelle configuration de trémie à grains (extension d'usine statique),
- Tuyaux de connexion détachés fixes,
- Correction de quelques prix de configuration pour définir des prix réalistes.
]]>		</fr>
		<pl><![CDATA[To jest Case Axial-Flow 250 Series 2020 North America

Cena: 432000 $
Wydajność: 555 KM - 625 KM
Kategoria: Kombajn zbożowy
Pojemność: 14448l - 26780l

Konfiguracje:
- Konfiguracje kół 20 w wariancie 2WD lub RWA (pływaki LSW, rzędy Crop Duals, Wide Duals, Single, Wide Single)
- Konfiguracje 6 ścieżek w wariancie 2WD lub RWA
- 2 konfiguracje silników serii 250 (8250/9250)
- 2 konfiguracje zbiornika ziarna (statyczne przedłużenie WINDOM / standardowe składane przedłużenie)
- 3 konfiguracje rur (standardowa / nowa składana / nowa statyczna)
- 4 konfiguracje przedłużenia zaczepu (brak / standardowe / statyczne / składane przedłużenie)
- 2 konfiguracje osi tylnej (standardowa / szeroka)
- 3 marki opon (Michelin / Case / LSW)

Dodatki i nowe funkcje:
- W pełni zamerykanizowana wersja: wszystkie amerykańskie naklejki i naklejki, odpowiednie amerykańskie rozrzutniki, systemy gąsienic, rozstaw i rozmiary kół w USA, konfiguracje zbiorników zbożowych w USA
- Extrimiti Lights (US Flashers) działają jak Turn Lights i Default Lights w zależności od tego, z których świateł włączymy
- Edytowany model dla bardziej poprawnej wersji amerykańskiej
- Dźwięki omłotu Realisitc Axial-Flow 250 Series,
- Rozrzutnik działa tylko wtedy, gdy wybierzemy pokos, gdy wybierzemy słomę - Rozrzutnik złoży się i wyłączy
- Wszystkie rzeczywiste tablice wskaźników dla przepracowanych godzin, przepracowanych hektarów, czasu pracy, prędkości, obrotów na minutę, pojemności, temperatury, zużycia paliwa i pojemności paliwa
- Rzeczywiste wartości xml (prędkość, pojemność zbiorników na ziarno, pojemność paliwa, zużycie paliwa, prędkość przeładowania, skale silnika i moc)
- Wszystkie zbiorniki na ziarno mają oddzielną objętość napełnienia o różnej pojemności i kształcie, oddzielne światła robocze i rurę ślimakową z animacjami.

Changelog: 1.0.0.1
- Naprawiono problemy z konfiguracjami opon LSW 1400, 1250, 1100 i 850,
- Zaktualizowano zdjęcie i ikonę sklepu,
- Sekcja Odpowiednie kredyty dla domu zasilającego Axial-Flow serii 250.

Changelog: 1.0.0.2
- Konfiguracje ścieżek 3D,
- Nowe realistyczne dźwięki młócenia,
- Dodano sygnały dźwiękowe na 50%, 80% i 100% wypełnienia ziarna (słyszalne tylko z kabiny!),
- Nowe światła robocze LED (przód, tył, konfiguracje rur i konfiguracje zbiornika ziarna),
- poprawki modelu bazowego 3D,
- Więcej szczegółów na temat modelu,
- Nowa konfiguracja zbiornika ziarna (Static Factory Extension),
- Stałe odłączane węże przyłączeniowe,
- Naprawiono kilka cen konfiguracji, aby ustawić realistyczne.
]]>		</pl>
    </description>
	
    <multiplayer supported="true" />
	
    <storeItems>
        <storeItem rootNode="vehicle" xmlFilename="axial9250.xml"/>
    </storeItems>
	
	<l10n>
<text name="configuration_TrailerHitch"><en>Rear hitches</en><pl>Tylne zaczepy</pl><de>Hintere Kupplungen</de><fr>Attelages arrière</fr></text>
<text name="configuration_hitchExtension_Static"><en>LANKOTA Lanth400 static hitch extension</en><pl>Statyczne przedłużenie zaczepu LANKOTA Lanth400</pl><de>Statische Verlängerung des Zugmauls LANKOTA Lanth400</de><fr>Extension statique du crochet LANKOTA Lanth400</fr></text>
<text name="configuration_hitchExtension_Fold"><en>LANKOTA Lanth620 foldable hitch extension</en><pl>Składane przedłużenie zaczepu LANKOTA Lanth620</pl><de>Klappbare Verlängerung der Zugmauls LANKOTA Lanth620</de><fr>Extension pliante de l'attelage LANKOTA Lanth620</fr></text>

<text name="configuration_PipeFoldableNew"><en>7.9m (26ft) New Foldable Pipe</en><pl>Nowa Rura Składana 7.9m (26ft)</pl><de>Neues Faltbares Rohr 7.9m (26ft)</de><fr>Nouveau Pliable Tuyau 7.9m (26ft)</fr></text>
<text name="configuration_PipeDuza"><en>7.9m (26ft) New Pipe</en><pl>Rura Nowa 7.9m (26ft)</pl><de>Neues Rohr 7.9m (26ft)</de><fr>Nouveau Tuyau 7.9m (26ft)</fr></text>

<text name="configuration_axisExtension"><en>Rear axis</en><pl>Tylna oś</pl><de>Hintere Achse</de><fr>Axe arrière</fr></text>
<text name="configuration_axisExtended"><en>Wide rear axis</en><pl>Szeroka tylna oś</pl><de>Breite Spur</de><fr>Large axe arrière</fr></text>

<text name="configuration_Tankextensions"><en>Grain Tank Extensions</en><pl>Rozszerzenia zbiornika</pl><de>Korntankaufbau</de><fr>Extensions de réservoirs à grain</fr></text>
<text name="configuration_fold"><en>Factory Foldable extension </en><pl>Fabryczny składany zbiornik</pl><de>Faltbarer Korntank</de><fr>Trémie pliable</fr></text>
<text name="configuration_Factory_Static"><en>Factory Static extension </en><pl>Fabryczny statyczny zbiornik</pl><de>Statischer Tank ab Werk</de><fr>Réservoir statique d'usine</fr></text>
<text name="configuration_WINDOM_TipUp"><en>Tip-Up Harvest Master WINDOM</en><pl>Tip-Up Harvest Master WINDOM</pl><de>Tip-Up Harvest Master WINDOM</de><fr>Tip-Up Harvest Master WINDOM</fr></text>

<text name="configuration_900_2_2"><en>2WD F:900/60R38 R:750/65R26</en><pl>2WD F:900/60R38 R:750/65R26</pl><de>2WD F:900/60R38 R:750/65R26</de><fr>2WD F:900/60R38 R:750/65R26</fr></text>
<text name="configuration_900_4_2"><en>RWA F:900/60R38 R:750/65R26</en><pl>RWA F:900/60R38 R:750/65R26</pl><de>RWA F:900/60R38 R:750/65R26</de><fr>RWA F:900/60R38 R:750/65R26</fr></text>
<text name="configuration_800TRANS_2"><en>2WD transport F:800/70R38 R:750/65R26</en><pl>2WD transport F:800/70R38 R:750/65R26</pl><de>2WD Transport F:800/70R38 R:750/65R26</de><fr>2WD transport F:800/70R38 R:750/65R26</fr></text>
<text name="configuration_800TRANS_4"><en>RWA transport F:800/70R38 R:750/65R26</en><pl>RWA transport F:800/70R38 R:750/65R26</pl><de>RWA Transport F:800/70R38 R:750/65R26</de><fr>RWA transport F:800/70R38 R:750/65R26</fr></text>
<text name="configuration_Duals710_2"><en>2WD F:710/70R42 R:750/65R26</en><pl>2WD F:710/70R42 R:750/65R26</pl><de>2WD F:710/70R42 R:750/65R26</de><fr>2WD F:710/70R42 R:750/65R26</fr></text>
<text name="configuration_Duals710_4"><en>RWA F:710/70R42 R:750/65R26</en><pl>RWA F:710/70R42 R:750/65R26</pl><de>RWA F:710/70R42 R:750/65R26</de><fr>RWA F:710/70R42 R:750/65R26</fr></text>
<text name="configuration_Duals650_2"><en>2WD F:650/85R38 R:750/65R26</en><pl>2WD F:650/85R38 R:750/65R26</pl><de>2WD F:650/85R38 R:750/65R26</de><fr>2WD F:650/85R38 R:750/65R26</fr></text>
<text name="configuration_Duals650_4"><en>RWA F:650/85R38 R:750/65R26</en><pl>RWA F:650/85R38 R:750/65R26</pl><de>RWA F:650/85R38 R:750/65R26</de><fr>RWA F:650/85R38 R:750/65R26</fr></text>
<text name="configuration_Duals580_2"><en>2WD F:580/85R42 R:750/65R26</en><pl>2WD F:580/85R42 R:750/65R26</pl><de>2WD F:580/85R42 R:750/65R26</de><fr>2WD F:580/85R42 R:750/65R26</fr></text>
<text name="configuration_Duals580_4"><en>RWA F:580/85R42 R:750/65R26</en><pl>RWA F:580/85R42 R:750/65R26</pl><de>RWA F:580/85R42 R:750/65R26</de><fr>RWA F:580/85R42 R:750/65R26</fr></text>
<text name="configuration_Duals580_2RC"><en>2WD Row Crop F:580/85R42 R:620/75R26</en><pl>2WD Rzędowe F:580/85R42 R:620/75R26</pl><de>2WD Reihenkulturen F:580/85R42 R:620/75R26</de><fr>2WD Récolte en rangée F:580/85R42 R:620/75R26</fr></text>
<text name="configuration_Duals580_4RC"><en>RWA Row Crop F:580/85R42 R:620/75R26</en><pl>RWA Rzędowe F:580/85R42 R:620/75R26</pl><de>RWA Reihenkulturen F:580/85R42 R:620/75R26</de><fr>RWA Récolte en rangée F:580/85R42 R:620/75R26</fr></text>
<text name="configuration_1100_2"><en>2WD F:1100/45R46 R:850/55R30</en><pl>2WD F:1100/45R46 R:850/55R30</pl><de>2WD F:1100/45R46 R:850/55R30</de><fr>2WD F:1100/45R46 R:850/55R30</fr></text>
<text name="configuration_1100_4"><en>RWA F:1100/45R46 R:850/55R30</en><pl>RWA F:1100/45R46 R:850/55R30</pl><de>RWA F:1100/45R46 R:850/55R30</de><fr>RWA F:1100/45R46 R:850/55R30</fr></text>
<text name="configuration_1400_2"><en>2WD F:1400/30R46 R:850/55R30</en><pl>2WD F:1400/30R46 R:850/55R30</pl><de>2WD F:1400/30R46 R:850/55R30</de><fr>2WD F:1400/30R46 R:850/55R30</fr></text>
<text name="configuration_1400_4"><en>RWA F:1400/30R46 R:850/55R30</en><pl>RWA F:1400/30R46 R:850/55R30</pl><de>RWA F:1400/30R46 R:850/55R30</de><fr>RWA F:1400/30R46 R:850/55R30</fr></text>
<text name="configuration_1250_2_two"><en>2WD F:1250/35R46 R:850/55R30</en><pl>2WD F:1250/35R46 R:850/55R30</pl><de>2WD F:1250/35R46 R:850/55R30</de><fr>2WD F:1250/35R46 R:850/55R30</fr></text>
<text name="configuration_1250_4_two"><en>RWA F:1250/35R46 R:850/55R30</en><pl>RWA F:1250/35R46 R:850/55R30</pl><de>RWA F:1250/35R46 R:850/55R30</de><fr>RWA F:1250/35R46 R:850/55R30</fr></text>
<text name="configuration_1250_2"><en>2WD F:1250/50R32 R:750/65R26</en><pl>2WD F:1250/50R32 R:750/65R26</pl><de>2WD F:1250/50R32 R:750/65R26</de><fr>2WD F:1250/50R32 R:750/65R26</fr></text>
<text name="configuration_1250_4"><en>RWA F:1250/50R32 R:750/65R26</en><pl>RWA F:1250/50R32 R:750/65R26</pl><de>RWA F:1250/50R32 R:750/65R26</de><fr>RWA F:1250/50R32 R:750/65R26</fr></text>
<text name="configuration_900_2"><en>2WD F:900/70R32 R:750/65R26</en><pl>2WD F:900/70R32 R:750/65R26</pl><de>2WD F:900/70R32 R:750/65R26</de><fr>2WD F:900/70R32 R:750/65R26</fr></text>
<text name="configuration_900_4"><en>RWA F:900/70R32 R:750/65R26</en><pl>RWA F:900/70R32 R:750/65R26</pl><de>RWA F:900/70R32 R:750/65R26</de><fr>RWA F:900/70R32 R:750/65R26</fr></text>
<text name="configuration_Duals580_2RC_MITAS"><en>2WD Row Crop F:580/85R42 R:600/70R28</en><pl>2WD Rzędowe F:580/85R42 R:600/70R28</pl><de>2WD Reihenkulturen F:580/85R42 R:600/70R28</de><fr>2WD Récolte en rangée F:580/85R42 R:600/70R28</fr></text>
<text name="configuration_Duals580_4RC_MITAS"><en>RWA Row Crop F:580/85R42 R:600/70R28</en><pl>RWA Rzędowe F:580/85R42 R:600/70R28</pl><de>RWA Reihenkulturen F:580/85R42 R:600/70R28</de><fr>RWA Récolte en rangée F:580/85R42 R:600/70R28</fr></text>
</l10n> 	
</modDesc>
