<?xml version="1.0" encoding="utf-8" standalone="no" ?>
<wheel>
    <default>
        <physics radius="1.022" width="0.58" mass="0.294" tireType="mud" frictionScale="1.60" maxLongStiffness="8" maxLatStiffness="100" maxLatStiffnessLoad="2" />
        <tire filename="$data/shared/wheels/michelin/megaXbib/R42_megaXbib.i3d" nodeLeft="1|0" nodeRight="1|0" maxDeformation="0.098" isCareWheel="false" tireTrackAtlasIndex="0" />
        <outerRim filename="$data/shared/wheels/rims/rim001.i3d" node="1|0" widthAndDiam="18 42" />
        <innerRim filename="$data/shared/wheels/rims/rim001.i3d" nodeLeft="3|0" nodeRight="3|1" widthAndDiam="18 42" />
    </default>
    <configurations>
        <configuration id="dual" >
            <innerRim filename="-" nodeLeft="-" nodeRight="-" widthAndDiam="-" />
        </configuration>
    </configurations>
</wheel>
