<?xml version="1.0" encoding="utf-8" standalone="no" ?>
<crawler>
    <file name="wheels/S700_drive.i3d" leftNode="0|0" rightNode="0|1"/>
    <scrollerNodes>
        <scrollerNode node="9" scrollSpeed="-0.18" scrollLength="5.2" shaderParameterName="scrollPosition" shaderParameterComponent="1"/>
    </scrollerNodes>
    <rotatingParts>
        <rotatingPart node="1" radius="0.34" />
        <rotatingPart node="2" radius="0.34" />
        <rotatingPart node="3" radius="0.34" />
        <rotatingPart node="4" radius="0.58" />
        <rotatingPart node="5" radius="0.2" />
        <rotatingPart node="6" radius="0.2" />
    </rotatingParts>
    <rimColorNodes>
        <rimColorNode node="1" shaderParameter="colorMat1"/>
        <rimColorNode node="2" shaderParameter="colorMat1"/>
        <rimColorNode node="3" shaderParameter="colorMat1"/>
        <rimColorNode node="5" shaderParameter="colorMat1"/>
        <rimColorNode node="6" shaderParameter="colorMat1"/>
    </rimColorNodes>
    <objectChange node="8" visibilityActive="false"/>
    <objectChange node="9" visibilityActive="true"/>
</crawler>
