<?xml version="1.0" encoding="utf-8" standalone="no" ?>
<crawler>
    <file name="wheels/S700_drive.i3d" leftNode="2|1" rightNode="2|0"/>
    <scrollerNodes>
        <scrollerNode node="8" scrollSpeed="-0.162" scrollLength="6.16" shaderParameterName="scrollPosition" shaderParameterComponent="1"/>
    </scrollerNodes>
    <rotatingParts>
        <rotatingPart node="1" radius="0.52" />
        <rotatingPart node="2" radius="0.35" />
        <rotatingPart node="3" radius="0.35" />
        <rotatingPart node="4" radius="0.2" />
        <rotatingPart node="5" radius="0.2" />
        <rotatingPart node="6" radius="0.2" />
    </rotatingParts>
    <objectChange node="8" visibilityActive="true"/>
    <objectChange node="9" visibilityActive="false"/>
</crawler>