﻿<?xml version="1.0" encoding="utf-8" standalone="no" ?>
<modDesc descVersion="53">
    <author>JHHG Modding</author>
	<contributors>BlendArt, Pix RB Modding and Terre d'Acqua Team, Giants, SiiD Modding</contributors>
    <version>1.0.0.2</version>
    <iconFilename>icon_S700.dds</iconFilename>
	<title>
        <en>John Deere S700 Series</en>
        <de>John Deere S700 Serie</de>
        <fr>John Deere S700 Série</fr>
        <pl>John Deere Seria S700</pl>
    </title>
	<description>
        <en>
<![CDATA[This is John Deere S700 Series North America/Europa.

Price: 216000 €
Performance: 547HP - 625HP
Category: Combine Harvester
Capacity: 14100l - 22905l

Configurations:
- 28 Wheels Configurations in 2WD or RWA variant (Row Crop Duals, Wide Duals, Singles, Wide Singles) 
- 16 Tracks Configurations in 2WD or RWA variant
- 5 S700 Series motor Configurations (S780, S790 / S780i, S785i and S790i)
- 10 Grain Tank Configurations (9 Static Extensions + 1 standard Foldable Extension)
- 4 Pipe Configurations (6.9m (22.5ft) - 7.9m (26ft) pipe lenght)
- 2 Chopper Tailboard Configurations (Power Tailboard, Advanced PowerCast Tailboard)
- 4 Hitch Extension Configurations (No, Standard, Static Extension, Foldable Extension)
- 2 Rear axis Configurations (Standard and Wide)
- 2 Tires brands (Michelin and Mitas)

Addons and New Features:
- Fully realistic Displays with all new Turning ON animations, HUDs and Dashboards Numbers & Animations
- Fully Americanized version: all US decals and stickers, proper US Spreaders, Tracks Systems, US wheels spacing and sizes, US Grain Tanks Configurations
- Extrimiti Lights (US Flashers) work like Turn Lights and Default Lights depending from which Lights we will turn on
- Edited model for more proper US version
- Realisitc S700 threshing sounds,
- Cutted off and scripted 2nd Monitor for GPS Display
- Spreader works only when we will select swath, when we select straw - Spreader will fold and turn off
- Lot of interior details like Dashboard Icons for Beacons, Lights Stages, Hazards, Turn Lights
- All real Number Dashboards for Worked Hours, Worked Hectares, Operating Time, Speed, RPM, Capacity, Temperature, Fuel Usage and Fuel Capcity
- Real xml values (speed, capacity of Grain Tanks, fuel capacity, fuel usage, overloading speed, motor scales and power)
- Monitors work in 3 Stages: Turning Animation, Normal, Light Stage
- All Grain Tanks have Separate FillVolume with different Capacity and shape, Separate Work Lights and auger Pipe with animations
- New Particles separated for every ChopperTable Configurations

Animation:

- Fully scripted interior (monitors, icons, lights, HUDs)
- TurnON animations
- Enter animations
- Realistic physics
- Lot of moving Parts with separate functions
- Chopper table works only when unfolded
- All standard functions

Changelog: 1.0.0.1
- European specification included: S700i Series with proper design, separate configurations, similar details and features,
- Fixed description errors.

Changelog: 1.0.0.2
- 8 LSW Wheels configurations for US version with world largest farm tire,
- 7 3D Tracks configurations.
]]></en>
    <de><![CDATA[Dies ist John Deere S700 Series North America/Europa.

Preis: 216000 €
Leistung: 547 PS - 625 PS
Kategorie: Mähdrescher
Kapazität: 14100l - 22905l

Konfigurationen:
- 28 Radkonfigurationen in 2WD- oder RWA-Variante (Row Crop Duals, Wide Duals, Singles, Wide Singles)
- 16-Spur-Konfigurationen in 2WD- oder RWA-Variante
- 5 Motorkonfigurationen der Serie S700 (S780, S790 / S780i, S785i und S790i)
- 10 Getreidetankkonfigurationen (9 statische Verlängerungen + 1 faltbare Standardverlängerung)
- 4 Rohrkonfigurationen (6,9 m (22,5 ft) - 7,9 m (26 ft) Rohrlänge)
- 2 Chopper Tailboard-Konfigurationen (Power Tailboard, Advanced PowerCast Tailboard)
- 4 Kupplungsverlängerungskonfigurationen (Nein, Standard, statische Erweiterung, faltbare Erweiterung)
- 2 Konfigurationen der Hinterachse (Standard und Breit)
- 2 Reifenmarken (Michelin und Mitas)

Addons und neue Funktionen:
- Voll realistische Anzeigen mit allen neuen Einschaltanimationen, HUDs und Dashboard-Nummern und -Animationen
- Vollständig amerikanisierte Version: alle US-Abziehbilder und Aufkleber, geeignete US-Spreizer, Schienensysteme, US-Radabstände und -größen, US-Getreidetanks-Konfigurationen
- Extrimiti Lights (US Flashers) funktionieren wie Turn Lights und Default Lights, je nachdem, welche Lichter wir einschalten
- Überarbeitetes Modell für eine korrektere US-Version
- Realisitc S700 Dreschgeräusche,
- 2. Monitor für GPS-Anzeige abgeschnitten und mit Skripten versehen
- Spreader funktioniert nur, wenn wir Schwad auswählen, wenn wir Stroh auswählen. - Spreader wird gefaltet und ausgeschaltet
- Viele Innendetails wie Dashboard-Symbole für Leuchtfeuer, Lichtstufen, Gefahren, Abbiegelichter
- Alle reellen Zahlen-Dashboards für Arbeitsstunden, Arbeitsfläche, Betriebszeit, Geschwindigkeit, Drehzahl, Kapazität, Temperatur, Kraftstoffverbrauch und Kraftstoffkapazität
- Echte XML-Werte (Geschwindigkeit, Kapazität der Getreidetanks, Kraftstoffkapazität, Kraftstoffverbrauch, Überlastgeschwindigkeit, Motorwaage und Leistung)
- Monitore arbeiten in 3 Stufen: Drehen der Animation, Normal, Leichte Bühne
- Alle Getreidetanks verfügen über ein separates Füllvolumen mit unterschiedlicher Kapazität und Form, separate Arbeitsscheinwerfer und ein Schneckenrohr mit Animationen
- Neue Partikel für jede ChopperTable-Konfiguration getrennt

Animation:

- Vollständig skriptbasiertes Interieur (Monitore, Symbole, Lichter, HUDs)
- TurnON-Animationen
- Animationen eingeben
- Realistische Physik
- Viele bewegliche Teile mit separaten Funktionen
- Chopper-Tisch funktioniert nur im aufgeklappten Zustand
- Alle Standardfunktionen

Changelog: 1.0.0.1
- Europäische Spezifikation enthalten: S700i-Serie mit korrektem Design, separaten Konfigurationen, ähnlichen Details und Merkmalen,
- Beschreibungsfehler behoben.

Changelog: 1.0.0.2
- 8 LSW Wheels Konfigurationen für US-Version mit weltgrößtem Farmreifen,
- 7 3D-Track-Konfigurationen.
]]></de>
   <fr><![CDATA[Il s'agit de John Deere S700 Series North America/Europa.

Prix: 216000 €
Puissance: 547HP - 625HP
Catégorie: Moissonneuse batteuse
Capacité: 14100l - 22905l

Configurations:
- 28 configurations de roues en version 2RM ou RWA (Row Crop Duals, Wide Duals, Singles, Wide Singles)
- Configurations de 16 pistes en version 2WD ou RWA
- 5 configurations de moteur série S700 (S780, S790 / S780i, S785i et S790i)
- 10 configurations de réservoir à grains (9 extensions statiques + 1 extension pliable standard)
- 4 configurations de tuyaux (6,9 m (22,5 pi) - 7,9 m (26 pi) de longueur de tuyau)
- 2 configurations de hayon Chopper (hayon électrique, hayon PowerCast avancé)
- 4 configurations d'extension d'attelage (non, standard, extension statique, extension pliable)
- 2 configurations d'axe arrière (standard et large)
- 2 marques de pneus (Michelin et Mitas)

Extensions et nouvelles fonctionnalités:
- Écrans entièrement réalistes avec toutes les nouvelles animations d'activation, les HUD et les tableaux de bord Numéros et animations
- Version entièrement américanisée: tous les décalcomanies et autocollants américains, les épandeurs américains appropriés, les systèmes de chenilles, l'espacement et la taille des roues américaines, les configurations des réservoirs de céréales américains
- Les lumières Extrimiti (clignotants américains) fonctionnent comme les lumières tournantes et les lumières par défaut en fonction des lumières que nous allumerons
- Modèle modifié pour une version américaine plus appropriée
- Sons de battage Realisitc S700,
- 2e moniteur coupé et scripté pour l'affichage GPS
- L'épandeur ne fonctionne que lorsque nous sélectionnerons l'andain, lorsque nous sélectionnons la paille - L'épandeur se pliera et s'éteindra
- Beaucoup de détails intérieurs comme les icônes du tableau de bord pour les balises, les étapes d'éclairage, les dangers, les feux de circulation
- Tous les tableaux de bord réels pour les heures travaillées, les hectares travaillés, le temps de fonctionnement, la vitesse, le régime, la capacité, la température, la consommation de carburant et la capacité de carburant
- Valeurs xml réelles (vitesse, capacité des réservoirs à grains, capacité de carburant, consommation de carburant, vitesse de surcharge, balances du moteur et puissance)
- Les moniteurs fonctionnent en 3 étapes: animation tournante, normale, scène lumineuse
- Tous les réservoirs à grains ont un volume de remplissage séparé avec une capacité et une forme différentes, des lampes de travail séparées et un tuyau de vis sans fin avec des animations
- Nouvelles particules séparées pour chaque configuration ChopperTable

Animation:

- Intérieur entièrement scénarisé (moniteurs, icônes, lumières, HUD)
- Animations TurnON
- Entrez des animations
- Physique réaliste
- Lot de pièces mobiles avec fonctions séparées
- La table Chopper ne fonctionne que lorsqu'elle est dépliée
- Toutes les fonctions standard

Changelog: 1.0.0.1
- Spécifications européennes incluses: série S700i avec une conception appropriée, des configurations séparées, des détails et des fonctionnalités similaires,
- Correction des erreurs de description.

Changelog: 1.0.0.2
- 8 LSW Wheels Konfigurationen für US-Version mit weltgrößtem Farmreifen,
- 7 3D-Track-Konfigurationen.
]]></fr>
   <pl><![CDATA[To jest John Deere S700 Series Ameryka Północna/Europa.

Cena: 216000 €
Wydajność: 547 KM - 625 KM
Kategoria: kombajn zbożowy
Pojemność: 14100l - 22905l

Konfiguracje:
- 28 konfiguracji kół w wariancie 2WD lub RWA (Podwójne Row Crop, Podwójne szerokie, Pojedyncze, Szerokie pojedyncze)
- 16 konfiguracji ścieżek w wariancie 2WD lub RWA
- 5 konfiguracje silników serii S700 (S780, S790 / S780i, S785i i S790i)
- 10 konfiguracji zbiorników ziarna (9 przedłużeń statycznych + 1 standardowe składane przedłużenie)
- 4 konfiguracje rur (6,9 m (22,5 stopy) - 7,9 m (26 stóp) długości rury)
- 2 konfiguracje deski rozdzielczej (Power Tailboard, Advanced PowerCast Tailboard)
- 4 konfiguracje przedłużenia zaczepu (Bez, Standardowy zaczep, Statyczne przedłużenie, Składane przedłużenie)
- 2 konfiguracje tylnej osi (standardowa i szeroka)
- 2 marki opon (Michelin i Mitas)

Dodatki i nowe funkcje:
- W pełni realistyczne wyświetlacze ze wszystkimi nowymi animacjami WŁĄCZANIA, interfejsami HUD oraz numerami i animacjami pulpitów nawigacyjnych
- Wersja w pełni amerykanizowana: wszystkie amerykańskie naklejki i naklejki, odpowiednie amerykańskie rozrzutniki, systemy gąsienic, rozstawy i rozmiary kół w USA, konfiguracje amerykańskich zbiorników ziarna
- Światła ostrzegawcze (amerykańskie lampy błyskowe) działają jak światła włączające i światła domyślne w zależności od tego, które światła włączymy
- Edytowany model dla bardziej odpowiedniej wersji amerykańskiej
- Realne dźwięki omłotu S700,
- Odcięty i skrypty drugi monitor dla wyświetlacza GPS
- Rozrzutnik działa tylko wtedy, gdy wybierzemy pokos, gdy wybierzemy słomę - Rozrzutnik złoży się i wyłączy
- Wiele szczegółów wewnętrznych, takich jak ikony pulpitu nawigacyjnego dla świateł ostrzegawczych, etapów świateł, zagrożeń, włącz światła
- Wszystkie tablice rzeczywistych liczb dla przepracowanych godzin, przepracowanych hektarów, czasu pracy, prędkości, obrotów na minutę, pojemności, temperatury, zużycia paliwa i pojemności paliwowej
- Rzeczywiste wartości xml (prędkość, pojemność zbiorników ziarna, pojemność paliwa, zużycie paliwa, prędkość przeciążenia, skale silnika i moc)
- Monitory działają w 3 etapach: animacja toczenia, normalna, scena świetlna
- Wszystkie zbiorniki na ziarno mają oddzielną objętość napełnienia o różnej pojemności i kształcie, oddzielne światła robocze i rurę ślimakową z animacjami
- Nowe cząstki oddzielone dla każdej konfiguracji stołu sieczkarnii

Animacja:

- W pełni skrypty wnętrze (monitory, ikony, światła, interfejsy użytkownika)
- Animacje załączania monitorów
- Animacje wejścia
- Realistyczna fizyka
- Wiele ruchomych części z oddzielnymi funkcjami
- Stół do siekania działa tylko po rozłożeniu
- Wszystkie standardowe funkcje

Changelog: 1.0.0.1
- Specyfikacja europejska: Seria S700i z prawidłowym wyglądem, oddzielnymi konfiguracjami, podobnymi szczegółami i funkcjami,
- Naprawiono błędy opisu.

Changelog: 1.0.0.2
- 8 konfiguracji kół LSW dla wersji amerykańskiej z największą na świecie oponą rolniczą,
- 7 konfiguracji gąsienic 3D.
]]></pl>
    </description>
	
    <multiplayer supported="true" />
	
    <storeItems>
        <storeItem rootNode="vehicle" xmlFilename="S790.xml"/>
        <storeItem rootNode="vehicle" xmlFilename="S790i.xml"/>
    </storeItems>
	
    <vehicleTypes>
		<type name="combineS790" parent="combineDrivable" className="Vehicle" filename="$dataS/scripts/vehicles/Vehicle.lua">
			<specialization name="tensionBelts" />		
		</type>
    </vehicleTypes>
		
	<l10n>
		<text name="configuration_TrailerHitch"><en>Rear hitches</en><pl>Tylne zaczepy</pl><de>Hintere Kupplungen</de><fr>Attelages arrière</fr></text>
		<text name="configuration_hitchExtension_Static"><en>LANKOTA Lanth400 static hitch extension</en><pl>Statyczne przedłużenie zaczepu LANKOTA Lanth400</pl><de>Statische Verlängerung des Hakens LANKOTA Lanth400</de><fr>Extension statique du crochet LANKOTA Lanth400</fr></text>
		<text name="configuration_hitchExtension_Fold"><en>LANKOTA Lanth620 foldable hitch extension</en><pl>Składane przedłużenie zaczepu LANKOTA Lanth620</pl><de>Klappbare Verlängerung der Anhängerkupplung LANKOTA Lanth620</de><fr>Extension pliante de l'attelage LANKOTA Lanth620</fr></text>		
		<text name="configuration_PipeFoldableNew"><en>7.9m (26ft) New Foldable Pipe</en><pl>Nowa Rura Składana 7.9m (26ft)</pl><de>Neu Faltbares Rohr 7.9m (26ft)</de><fr>Nouveau Pliable Tuyau 7.9m (26ft)</fr></text>
		<text name="configuration_PipeDuza"><en>7.9m (26ft) Pipe New</en><pl>Rura Nowa 7.9m (26ft)</pl><de>Neu Rohr 7.9m (26ft)</de><fr>Nouveau Tuyau 7.9m (26ft)</fr></text>
		<text name="configuration_PipeMala"><en>6.9m (22.5ft) Pipe</en><pl>Rura 6.9m (22.5ft)</pl><de>Rohr 6.9m (22.5ft)</de><fr>Tuyau 6.9m (22.5ft)</fr></text>
		<text name="configuration_PipeMalaFoldable"><en>6.9 (22.5ft) Foldable Pipe</en><pl>Rura Składana 6.9 (22.5ft)</pl><de>Faltbares Rohr 6.9m (22.5ft)</de><fr>Pliable Tuyau 6.9m (22.5ft)</fr></text>
		<text name="configuration_axisExtension"><en>Rear axis</en><pl>Tylna oś</pl><de>Hintere Achse</de><fr>Axe arrière</fr></text>
		<text name="configuration_axisExtended"><en>Wide rear axis</en><pl>Szeroka tylna oś</pl><de>Breit hintere Achse</de><fr>Large axe arrière</fr></text>
		<text name="configuration_Tankextensions"><en>Grain Tank Extensions</en><pl>Rozszerzenia zbiornika</pl><de>Korntankverlängerungen</de><fr>Extensions de réservoirs à grain</fr></text>
		<text name="configuration_fold"><en>Factory Foldable extension </en><pl>Fabryczny składany zbiornik</pl><de>Faltbarer Korntank</de><fr>Trémie pliable</fr></text>
		<text name="configuration_STATIC_XXXL"><en>Harvest Master XXXL</en><pl>Harvest Master XXXL</pl><de>Harvest Master XXXL</de><fr>Harvest Master XXXL</fr></text>
		<text name="configuration_STATIC_XXXL_TipUp"><en>Tip-Up Harvest Master XXXL</en><pl>Tip-Up Harvest Master XXXL</pl><de>Tip-Up Harvest Master XXXL</de><fr>Tip-Up Harvest Master XXXL</fr></text>
		<text name="configuration_STATIC"><en>Factory Static</en><pl>Fabryczny zbiornik statyczny</pl><de>Statischer Korntank der Fabrik</de><fr>Réservoir de céréales statique</fr></text>
		<text name="configuration_STATIC_CORNERS"><en>Full Factory Static</en><pl>Całkowity Fabryczny zbiornik statyczny</pl><de>Full Statischer Korntank der Fabrik</de><fr>Full Réservoir de céréales statique</fr></text>
		<text name="configuration_STATIC_relingi"><en>Tarp cover fixing Factory Static</en><pl>Fabryczny zbiornik statyczny z Mocowaniem plandeki</pl><de>Statischer Korntank der Fabrik mit Neigung Montage</de><fr>Bâche couverture montage Réservoir de céréales statique</fr></text>
		<text name="configuration_STATIC_grzyb"><en>Tarp cover Factory Static</en><pl>Fabryczny zbiornik statyczny z plandeką</pl><de>Neigung Statischer Korntank der Fabrik</de><fr>Bâche couverture Réservoir de céréales statique</fr></text>
		<text name="configuration_STATIC_TipUp"><en>XXL Tip-Up Factory Static</en><pl>XXL Tip-Up Fabryczny zbiornik statyczny</pl><de>XXL Tip-Up Statischer Korntank der Fabrik</de><fr>XXL Tip-Up Réservoir de céréales statique</fr></text>
		<text name="configuration_STATIC_TipUp_CORNERS"><en>Full XXL Tip-Up Factory Static</en><pl>Całkowity XXL Tip-Up Fabryczny zbiornik statyczny</pl><de>Full XXL Tip-Up Statischer Korntank der Fabrik</de><fr>Full XXL Tip-Up Réservoir de céréales statique</fr></text>
		<text name="configuration_STATIC_TipUp2"><en>XL Tip-Up Factory Static</en><pl>XL Tip-Up Fabryczny zbiornik statyczny</pl><de>XL Tip-Up Statischer Korntank der Fabrik</de><fr>XL Tip-Up Réservoir de céréales statique</fr></text>
		<text name="configuration_STATIC_TipUp2_CORNERS"><en>Full XL Tip-Up Factory Static</en><pl>Całkowity XL Tip-Up Fabryczny zbiornik statyczny</pl><de>Full XL Tip-Up Statischer Korntank der Fabrik</de><fr>Full XL Tip-Up Réservoir de céréales statique</fr></text>		
		<text name="configuration_chopper"><en>Chopper Tailboards</en><pl>Stoły Sieczkarni</pl><de>Häckslerabdeckung</de><fr>Chopper Tailboards</fr></text>
		<text name="configuration_chopperTasma"><en>Advanced PowerCast Tailboard</en><pl>Zaawansowana sieczkarnia PowerCast</pl><de>PowerCast Verteiler</de><fr>Tailboard avancé de PowerCast</fr></text>
		<text name="configuration_chopperClassic"><en>Regular vane Tailboard</en><pl>Regularna deska sieczkarni</pl><de>Standard Häckslerabdeckung</de><fr>Tailboard régulier à palettes</fr></text>
		<text name="configuration_SafetyPlanesEU"><en>Warning Signs </en><pl>Oznaczenia Ostrzegawcze</pl><de>Warnzeichen</de><fr>Signes d'avertissement</fr></text>
		<text name="configuration_Triangle"><en>Safety Triangle</en><pl>Trójkąt Ostrzegawczy</pl><de>Warndreieck</de><fr>Triangle d'avertissement</fr></text>
		<text name="configuration_TriangleOne"><en>1+ Safety Triangle</en><pl>1+ Trójkąt Ostrzegawczy</pl><de>1+ Warndreieck</de><fr>1+ Triangle d'avertissement</fr></text>		
		<text name="configuration_900_2"><en>2WD F:900/70R32 R:750/65R26</en><pl>2WD F:900/70R32 R:750/65R26</pl><de>2WD F:900/70R32 R:750/65R26</de><fr>2WD F:900/70R32 R:750/65R26</fr></text>
		<text name="configuration_900_4"><en>RWA F:900/70R32 R:750/65R26</en><pl>RWA F:900/70R32 R:750/65R26</pl><de>RWA F:900/70R32 R:750/65R26</de><fr>RWA F:900/70R32 R:750/65R26</fr></text>	
		<text name="configuration_900_2_2"><en>2WD F:900/60R38 R:750/65R26</en><pl>2WD F:900/60R38 R:750/65R26</pl><de>2WD F:900/60R38 R:750/65R26</de><fr>2WD F:900/60R38 R:750/65R26</fr></text>
		<text name="configuration_900_4_2"><en>RWA F:900/60R38 R:750/65R26</en><pl>RWA F:900/60R38 R:750/65R26</pl><de>RWA F:900/60R38 R:750/65R26</de><fr>RWA F:900/60R38 R:750/65R26</fr></text>
		<text name="configuration_1250_2"><en>2WD F:1250/50R32 R:750/65R26</en><pl>2WD F:1250/50R32 R:750/65R26</pl><de>2WD F:1250/50R32 R:750/65R26</de><fr>2WD F:1250/50R32 R:750/65R26</fr></text>
		<text name="configuration_1250_4"><en>RWA F:1250/50R32 R:750/65R26</en><pl>RWA F:1250/50R32 R:750/65R26</pl><de>RWA F:1250/50R32 R:750/65R26</de><fr>RWA F:1250/50R32 R:750/65R26</fr></text>
		<text name="configuration_800TRANS_2"><en>2WD transport F:800/70R38 R:750/65R26</en><pl>2WD transport F:800/70R38 R:750/65R26</pl><de>2WD Transport F:800/70R38 R:750/65R26</de><fr>2WD transport F:800/70R38 R:750/65R26</fr></text>
		<text name="configuration_800TRANS_4"><en>RWA transport F:800/70R38 R:750/65R26</en><pl>RWA transport F:800/70R38 R:750/65R26</pl><de>RWA Transport F:800/70R38 R:750/65R26</de><fr>RWA transport F:800/70R38 R:750/65R26</fr></text>
		<text name="configuration_Duals710_2"><en>2WD F:710/70R42 R:750/65R26</en><pl>2WD F:710/70R42 R:750/65R26</pl><de>2WD F:710/70R42 R:750/65R26</de><fr>2WD F:710/70R42 R:750/65R26</fr></text>
		<text name="configuration_Duals710_4"><en>RWA F:710/70R42 R:750/65R26</en><pl>RWA F:710/70R42 R:750/65R26</pl><de>RWA F:710/70R42 R:750/65R26</de><fr>RWA F:710/70R42 R:750/65R26</fr></text>
		<text name="configuration_Duals650_2"><en>2WD F:650/85R38 R:750/65R26</en><pl>2WD F:650/85R38 R:750/65R26</pl><de>2WD F:650/85R38 R:750/65R26</de><fr>2WD F:650/85R38 R:750/65R26</fr></text>
		<text name="configuration_Duals650_4"><en>RWA F:650/85R38 R:750/65R26</en><pl>RWA F:650/85R38 R:750/65R26</pl><de>RWA F:650/85R38 R:750/65R26</de><fr>RWA F:650/85R38 R:750/65R26</fr></text>
		<text name="configuration_Duals580_2"><en>2WD F:580/85R42 R:750/65R26</en><pl>2WD F:580/85R42 R:750/65R26</pl><de>2WD F:580/85R42 R:750/65R26</de><fr>2WD F:580/85R42 R:750/65R26</fr></text>
		<text name="configuration_Duals580_4"><en>RWA F:580/85R42 R:750/65R26</en><pl>RWA F:580/85R42 R:750/65R26</pl><de>RWA F:580/85R42 R:750/65R26</de><fr>RWA F:580/85R42 R:750/65R26</fr></text>
		<text name="configuration_Duals580_2RC"><en>2WD Row Crop F:580/85R42 R:620/75R26</en><pl>2WD Rzędowe F:580/85R42 R:620/75R26</pl><de>2WD Reihenkulturen F:580/85R42 R:620/75R26</de><fr>2WD Récolte en rangée F:580/85R42 R:620/75R26</fr></text>
		<text name="configuration_Duals580_4RC"><en>RWA Row Crop F:580/85R42 R:620/75R26</en><pl>RWA Rzędowe F:580/85R42 R:620/75R26</pl><de>RWA Reihenkulturen F:580/85R42 R:620/75R26</de><fr>RWA Récolte en rangée F:580/85R42 R:620/75R26</fr></text>
		<text name="configuration_ATI_30"><en>RWA 30'' ATI Tracks R:750/65R26</en><pl>RWA Gąsienice 30 cali ATI R:750/65R26</pl><de>RWA Eine 30-Zoll-Strecke ATI R:750/65R26</de><fr>RWA Une piste de 30 pouces ATI R:750/65R26</fr></text>
		<text name="configuration_ATI_36"><en>RWA 36'' ATI Tracks R:750/65R26</en><pl>RWA Gąsienice 36 cali ATI R:750/65R26</pl><de>RWA Eine 36-Zoll-Strecke ATI R:750/65R26</de><fr>RWA Une piste de 36 pouces ATI R:750/65R26</fr></text>
		<text name="configuration_crawlerS700_30"><en>RWA 30'' S700 Tracks 2019</en><pl>RWA Gąsienice 30 cali S700 2019</pl><de>RWA Eine 30-Zoll-Strecke S700 2019</de><fr>RWA Une piste de 30 pouces S700 2019</fr></text>
		<text name="configuration_crawlerS700_36"><en>RWA 36'' S700 Tracks 2019</en><pl>RWA Gąsienice 36 cali S700 2019</pl><de>RWA Eine 36-Zoll-Strecke S700 2019</de><fr>RWA Une piste de 36 pouces S700 2019</fr></text>
		<text name="configuration_ATI_30JD"><en>RWA 30'' John Deere ATI Tracks R:750/65R26</en><pl>RWA Gąsienice 30 cali John Deere ATI R:750/65R26</pl><de>RWA Eine 30-Zoll-Strecke John Deere ATI R:750/65R26</de><fr>RWA Une piste de 30 pouces John Deere ATI R:750/65R26</fr></text>
		<text name="configuration_ATI_36JD"><en>RWA 36'' John Deere ATI Tracks R:750/65R26</en><pl>RWA Gąsienice 36 cali John Deere ATI R:750/65R26</pl><de>RWA Eine 36-Zoll-Strecke John Deere ATI R:750/65R26</de><fr>RWA Une piste de 36 pouces John Deere ATI R:750/65R26</fr></text>
		<text name="configuration_Duals800_2"><en>2WD F:800/70R38 R:750/65R26</en><pl>2WD F:800/70R38 R:750/65R26</pl><de>2WD F:800/70R38 R:750/65R26</de><fr>2WD F:800/70R38 R:750/65R26</fr></text>
		<text name="configuration_Duals800_4"><en>RWA F:800/70R38 R:750/65R26</en><pl>RWA F:800/70R38 R:750/65R26</pl><de>RWA F:800/70R38 R:750/65R26</de><fr>RWA F:800/70R38 R:750/65R26</fr></text>
		<text name="configuration_Duals580_2RC_MITAS"><en>2WD Row Crop F:580/85R42 R:600/70R28</en><pl>2WD Rzędowe F:580/85R42 R:600/70R28</pl><de>2WD Reihenkulturen F:580/85R42 R:600/70R28</de><fr>2WD Récolte en rangée F:580/85R42 R:600/70R28</fr></text>
		<text name="configuration_Duals580_4RC_MITAS"><en>RWA Row Crop F:580/85R42 R:600/70R28</en><pl>RWA Rzędowe F:580/85R42 R:600/70R28</pl><de>RWA Reihenkulturen F:580/85R42 R:600/70R28</de><fr>RWA Récolte en rangée F:580/85R42 R:600/70R28</fr></text>	
		<text name="configuration_650_2"><en>2WD F:650/85R38 R:620/75R26</en><pl>2WD F:650/85R38 R:620/75R26</pl><de>2WD F:650/85R38 R:620/75R26</de><fr>2WD F:650/85R38 R:620/75R26</fr></text>
		<text name="configuration_650_4"><en>RWA F:650/85R38 R:620/75R26</en><pl>RWA F:650/85R38 R:620/75R26</pl><de>RWA F:650/85R38 R:620/75R26</de><fr>RWA F:650/85R38 R:620/75R26</fr></text>
		<text name="configuration_800_2"><en>2WD F:800/70R38 R:750/65R26</en><pl>2WD F:800/70R38 R:750/65R26</pl><de>2WD F:800/70R38 R:750/65R26</de><fr>2WD F:800/70R38 R:750/65R26</fr></text>
		<text name="configuration_800_4"><en>RWA F:800/70R38 R:750/65R26</en><pl>RWA F:800/70R38 R:750/65R26</pl><de>RWA F:800/70R38 R:750/65R26</de><fr>RWA F:800/70R38 R:750/65R26</fr></text>
		<text name="configuration_900_2two"><en>2WD F:900/60R38 R:600/70R30</en><pl>2WD F:900/60R38 R:600/70R30</pl><de>2WD F:900/60R38 R:600/70R30</de><fr>2WD F:900/60R38 R:600/70R30</fr></text>
		<text name="configuration_900_4two"><en>RWA F:900/60R38 R:600/70R30</en><pl>RWA F:900/60R38 R:600/70R30</pl><de>RWA F:900/60R38 R:600/70R30</de><fr>RWA F:900/60R38 R:600/70R30</fr></text>
		<text name="configuration_crawlerS700_24"><en>RWA 24'' S700 Tracks 2019</en><pl>RWA Gąsienice 24 cale S700 2019</pl><de>RWA Eine 24-Zoll-Strecke S700 2019</de><fr>RWA Une piste de 24 pouces S700 2019</fr></text>
		<text name="configuration_1400_2"><en>2WD F:1400/30R46 R:850/55R30</en><pl>2WD F:1400/30R46 R:850/55R30</pl><de>2WD F:1400/30R46 R:850/55R30</de><fr>2WD F:1400/30R46 R:850/55R30</fr></text>
		<text name="configuration_1400_4"><en>RWA F:1400/30R46 R:850/55R30</en><pl>RWA F:1400/30R46 R:850/55R30</pl><de>RWA F:1400/30R46 R:850/55R30</de><fr>RWA F:1400/30R46 R:850/55R30</fr></text>
		<text name="configuration_1100_2"><en>2WD F:1100/45R46 R:850/55R30</en><pl>2WD F:1100/45R46 R:850/55R30</pl><de>2WD F:1100/45R46 R:850/55R30</de><fr>2WD F:1100/45R46 R:850/55R30</fr></text>
		<text name="configuration_1100_4"><en>RWA F:1100/45R46 R:850/55R30</en><pl>RWA F:1100/45R46 R:850/55R30</pl><de>RWA F:1100/45R46 R:850/55R30</de><fr>RWA F:1100/45R46 R:850/55R30</fr></text>
		<text name="configuration_1400_2"><en>2WD F:1400/30R46 R:850/55R30</en><pl>2WD F:1400/30R46 R:850/55R30</pl><de>2WD F:1400/30R46 R:850/55R30</de><fr>2WD F:1400/30R46 R:850/55R30</fr></text>
		<text name="configuration_1400_4"><en>RWA F:1400/30R46 R:850/55R30</en><pl>RWA F:1400/30R46 R:850/55R30</pl><de>RWA F:1400/30R46 R:850/55R30</de><fr>RWA F:1400/30R46 R:850/55R30</fr></text>
		<text name="configuration_1250_2_two"><en>2WD F:1250/35R46 R:850/55R30</en><pl>2WD F:1250/35R46 R:850/55R30</pl><de>2WD F:1250/35R46 R:850/55R30</de><fr>2WD F:1250/35R46 R:850/55R30</fr></text>
		<text name="configuration_1250_4_two"><en>RWA F:1250/35R46 R:850/55R30</en><pl>RWA F:1250/35R46 R:850/55R30</pl><de>RWA F:1250/35R46 R:850/55R30</de><fr>RWA F:1250/35R46 R:850/55R30</fr></text>
	</l10n>	
</modDesc>
