﻿<?xml version="1.0" encoding="utf-8" standalone="no"?>
<vehicle type="CR">
    <annotation>Copyright (C) GIANTS Software GmbH, All Rights Reserved.</annotation>
    <storeData>
        <name>
            <en>CR10.90 Revelation BR/EU </en></name>
        <specs>
            <power>700</power>
            <maxSpeed>45</maxSpeed>
            <combination>3162Draper,Heli.12000,HS16</combination>
        </specs>
        <functions>
            <function>$l10n_function_combine</function>
            <function>$l10n_function_combineNeedsCutter</function>
        </functions>
        <image>store.dds</image>
        <price>295000</price>
        <lifetime>600</lifetime>
        <rotation>0</rotation>
        <brand>NEWHOLLAND</brand>
        <category>harvesters</category>
        <shopFoldingState>2</shopFoldingState>
        <vertexBufferMemoryUsage>4851116</vertexBufferMemoryUsage>
        <indexBufferMemoryUsage>770700</indexBufferMemoryUsage>
        <textureMemoryUsage>60162960</textureMemoryUsage>
        <instanceVertexBufferMemoryUsage>0</instanceVertexBufferMemoryUsage>
        <instanceIndexBufferMemoryUsage>0</instanceIndexBufferMemoryUsage>
    </storeData>
    <base>
        <typeDesc>$l10n_typeDesc_combine</typeDesc>
        <filename>cr1090.i3d</filename>
        <size width="5" length="10"/>
        <components>
            <component centerOfMass="0 1.2 0.95" solverIterationCount="15" mass="15845"/>
            <component centerOfMass="0 0 0" solverIterationCount="15" mass="6850"/>
            <joint component1="1" component2="2" node="backAxisJoint" rotLimit="0 0 10" transLimit="0 0 0" maxRotDriveForce="0 0 30" rotDriveRotation="- - 0" rotDriveSpring="0 0 45" rotDriveDamping="0 0 45"/>
        </components>
        <schemaOverlay attacherJointPosition="0 0">
            <default name="DEFAULT_VEHICLE"/>
            <turnedOn name="DEFAULT_VEHICLE_ON"/>
            <selected name="DEFAULT_VEHICLE_SELECTED"/>
            <turnedOnSelected name="DEFAULT_VEHICLE_SELECTED_ON"/>
        </schemaOverlay>
    </base>
    <configurationSets title="$l10n_configuration_Tankextensions">
        <configurationSet name="Ferro">
            <configuration name="fillVolume" index="1"/>
            <configuration name="fillUnit" index="1"/>
        </configurationSet>
        <configurationSet name="Lona">
            <configuration name="fillVolume" index="2"/>
            <configuration name="fillUnit" index="2"/>
        </configurationSet>
    </configurationSets>
    <designConfigurations>
        <designConfiguration name="$l10n_configuration_Lighting" price="0">
            <objectChange node="0>0|2|12|32" visibilityActive="false" visibilityInactive="true"/>
            <objectChange node="0>0|2|12|33" visibilityActive="false" visibilityInactive="true"/>
        </designConfiguration>
        <designConfiguration name="$l10n_configuration_Lighting" price="1000">
            <objectChange node="0>0|2|12|32" visibilityActive="true" visibilityInactive="false"/>
            <objectChange node="0>0|2|12|33" visibilityActive="true" visibilityInactive="false"/>
        </designConfiguration>
    </designConfigurations>
    <powerConsumer ptoRpm="350" neededMaxPtoPower="10"/>
    <wheels>
        <wheelConfigurations>
            <wheelConfiguration name="$l10n_configuration_NH_Tracks" brand="MITAS">
                <wheels autoRotateBackSpeed="1.7">
                    <wheel hasTireTracks="true" hasParticles="true">
                        <physics tipOcclusionAreaGroupId="1" rotSpeed="1" restLoad="3.6" showSteeringAngle="false" repr="0>0|0|0|0" driveNode="0>0|0|0|0|0" forcePointRatio="0.4" radius="0.43" width="0.8" mass="0.2" initialCompression="55" suspTravel="0.2" spring="39" damper="30" frictionScale="2.5" tireType="crawler"/>
                        <tire tireTrackAtlasIndex="7" isCareWheel="false"/>
                    </wheel>
                    <wheel>
                        <physics tipOcclusionAreaGroupId="1" rotSpeed="1" restLoad="2.6" showSteeringAngle="false" repr="0>0|0|0|1" forcePointRatio="0.4" radius="0.43" width="0.8" mass="0.2" initialCompression="30" suspTravel="0.2" spring="39" damper="30" frictionScale="2.5" tireType="crawler"/>
                        <tire isCareWheel="false"/>
                    </wheel>
                    <wheel hasTireTracks="true" hasParticles="true">
                        <physics tipOcclusionAreaGroupId="1" rotSpeed="1" restLoad="3.6" repr="0>0|0|1|0" driveNode="0>0|0|1|0|0" showSteeringAngle="false" forcePointRatio="0.4" radius="0.43" width="0.8" mass="0.2" initialCompression="55" suspTravel="0.2" spring="39" damper="30" frictionScale="2.5" tireType="crawler"/>
                        <tire tireTrackAtlasIndex="7" isCareWheel="false"/>
                    </wheel>
                    <wheel>
                        <physics tipOcclusionAreaGroupId="1" rotSpeed="1" restLoad="2.6" repr="0>0|0|1|1" showSteeringAngle="false" forcePointRatio="0.4" radius="0.43" width="0.8" mass="0.2" initialCompression="30" suspTravel="0.2" spring="39" damper="30" frictionScale="2.5" tireType="crawler"/>
                        <tire isCareWheel="false"/>
                    </wheel>
                    <wheel filename="wheels/750_65R26t.xml" isLeft="true" hasTireTracks="true" hasParticles="true">
                        <physics tipOcclusionAreaGroupId="1" rotSpeed="-1" restLoad="6.2" repr="axisBackLeft" driveNode="wheelBackLeft" forcePointRatio="0.4" initialCompression="50" suspTravel="0.15" spring="78" damper="40"/>
                    </wheel>
                    <wheel filename="wheels/750_65R26t.xml" isLeft="false" hasTireTracks="true" hasParticles="true">
                        <physics tipOcclusionAreaGroupId="1" rotSpeed="-1" restLoad="6.2" repr="axisBackRight" driveNode="wheelBackRight" forcePointRatio="0.4" initialCompression="50" suspTravel="0.15" spring="78" damper="40"/>
                    </wheel>
                </wheels>
                <crawlers>
                    <crawler filename="$data/shared/wheels/crawlers/caseIH/newHollandTracks.xml" linkNode="0>0|0|0|0" wheelIndex="1" isLeft="true"/>
                    <crawler filename="$data/shared/wheels/crawlers/caseIH/newHollandTracks.xml" linkNode="0>0|0|1|0" wheelIndex="3" isLeft="false"/>
                </crawlers>
                <objectChange node="0>0|0|3|0" visibilityActive="false"/>
                <objectChange node="0>0|0|4|0" visibilityActive="false"/>
            </wheelConfiguration>
            <wheelConfiguration name="$l10n_configuration_CNH_Tracks" price="85000" brand="MICHELIN">
                <wheels autoRotateBackSpeed="1.7">
                    <wheel hasTireTracks="true" hasParticles="true">
                        <physics tipOcclusionAreaGroupId="1" rotSpeed="1" restLoad="3.6" repr="0>0|0|0|0" driveNode="0>0|0|0|0|0" radius="0.5" width="1" mass="0.2" initialCompression="55" suspTravel="0.2" spring="39" damper="30" frictionScale="2.5" tireType="crawler"/>
                        <tire tireTrackAtlasIndex="7" isCareWheel="false"/>
                    </wheel>
                    <wheel>
                        <physics tipOcclusionAreaGroupId="1" rotSpeed="1" restLoad="2.6" repr="0>0|0|0|1" radius="0.5" width="1" mass="0.2" initialCompression="30" suspTravel="0.2" spring="39" damper="30" frictionScale="2.5" tireType="crawler"/>
                        <tire isCareWheel="false"/>
                    </wheel>
                    <wheel hasTireTracks="true" hasParticles="true">
                        <physics tipOcclusionAreaGroupId="1" rotSpeed="1" restLoad="3.6" repr="0>0|0|1|0" driveNode="0>0|0|1|0|0" radius="0.5" width="1" mass="0.2" initialCompression="55" suspTravel="0.2" spring="39" damper="30" frictionScale="2.5" tireType="crawler"/>
                        <tire tireTrackAtlasIndex="7" isCareWheel="false"/>
                    </wheel>
                    <wheel>
                        <physics tipOcclusionAreaGroupId="1" rotSpeed="1" restLoad="2.6" repr="0>0|0|1|1" radius="0.5" width="1" mass="0.2" initialCompression="30" suspTravel="0.2" spring="39" damper="30" frictionScale="2.5" tireType="crawler"/>
                        <tire isCareWheel="false"/>
                    </wheel>
                    <wheel filename="$data/shared/wheels/michelin/cereXBib/750_65R26.xml" isLeft="true" hasTireTracks="true" hasParticles="true">
                        <physics tipOcclusionAreaGroupId="1" rotSpeed="-1" restLoad="6.2" repr="axisBackLeft" driveNode="wheelBackLeft" initialCompression="50" suspTravel="0.15" spring="78" damper="40"/>
                    </wheel>
                    <wheel filename="$data/shared/wheels/michelin/cereXBib/750_65R26.xml" isLeft="false" hasTireTracks="true" hasParticles="true">
                        <physics tipOcclusionAreaGroupId="1" rotSpeed="-1" restLoad="6.2" repr="axisBackRight" driveNode="wheelBackRight" initialCompression="50" suspTravel="0.15" spring="78" damper="40"/>
                    </wheel>
                </wheels>
                <crawlers>
                    <crawler filename="wheels/crawler.xml" linkNode="0>0|0|0|0" wheelIndex="1" isLeft="true"/>
                    <crawler filename="wheels/crawler.xml" linkNode="0>0|0|1|0" wheelIndex="3" isLeft="false"/>
                </crawlers>
                <objectChange node="0>0|0|3|0" visibilityActive="false"/>
                <objectChange node="0>0|0|4|0" visibilityActive="false"/>
            </wheelConfiguration>
            <wheelConfiguration name="$l10n_configuration_Smart_Trax" price="22000" brand="MICHELIN">
                <wheels autoRotateBackSpeed="1.7">
                    <wheel hasParticles="true" hasTireTracks="true">
                        <physics rotSpeed="1" restLoad="4.0" repr="0>0|0|0|0" driveNode="0>0|0|0|0|0" showSteeringAngle="false" radius="0.36" width="0.914" mass="0.5" initialCompression="30" suspTravel="0.27" spring="50" damper="40" frictionScale="2.0" tireType="crawler"/>
                        <tire tireTrackAtlasIndex="7" isCareWheel="false"/>
                    </wheel>
                    <wheel>
                        <physics rotSpeed="1" restLoad="4.0" repr="0>0|0|0|1" showSteeringAngle="false" radius="0.36" width="0.914" mass="0.5" initialCompression="20" suspTravel="0.27" spring="20" damper="40" frictionScale="2.0" tireType="crawler"/>
                        <tire isCareWheel="false"/>
                    </wheel>
                    <wheel hasParticles="true" hasTireTracks="true">
                        <physics rotSpeed="1" restLoad="4.0" repr="0>0|0|1|0" driveNode="0>0|0|1|0|0" showSteeringAngle="false" radius="0.36" width="0.914" mass="0.5" initialCompression="30" suspTravel="0.27" spring="50" damper="40" frictionScale="2.0" tireType="crawler"/>
                        <tire tireTrackAtlasIndex="7" isCareWheel="false"/>
                    </wheel>
                    <wheel>
                        <physics rotSpeed="1" restLoad="4.0" repr="0>0|0|1|1" showSteeringAngle="false" radius="0.36" width="0.914" mass="0.5" initialCompression="20" suspTravel="0.27" spring="20" damper="40" frictionScale="2.0" tireType="crawler"/>
                        <tire isCareWheel="false"/>
                    </wheel>
                    <wheel filename="$data/shared/wheels/michelin/cereXBib/750_65R26.xml" isLeft="true" hasTireTracks="true" hasParticles="true">
                        <physics tipOcclusionAreaGroupId="1" rotSpeed="-1" restLoad="6.2" repr="axisBackLeft" driveNode="wheelBackLeft" initialCompression="50" suspTravel="0.15" spring="78" damper="40"/>
                    </wheel>
                    <wheel filename="$data/shared/wheels/michelin/cereXBib/750_65R26.xml" isLeft="false" hasTireTracks="true" hasParticles="true">
                        <physics tipOcclusionAreaGroupId="1" rotSpeed="-1" restLoad="6.2" repr="axisBackRight" driveNode="wheelBackRight" initialCompression="50" suspTravel="0.15" spring="78" damper="40"/>
                    </wheel>
                </wheels>
                <crawlers>
                    <crawler filename="wheels/smart1.xml" linkNode="driveNodeLeft" wheelIndex="1" isLeft="true"/>
                    <crawler filename="wheels/smart1.xml" linkNode="driveNodeRight" wheelIndex="3" isLeft="false"/>
                </crawlers>
                <objectChange node="0>0|0|3|0" visibilityActive="false"/>
                <objectChange node="0>0|0|4|0" visibilityActive="false"/>
            </wheelConfiguration>
            <wheelConfiguration name="$l10n_configuration_Smart_Trax_Two" price="24000" brand="MICHELIN">
                <wheels autoRotateBackSpeed="1.7">
                    <wheel hasParticles="true" hasTireTracks="true">
                        <physics rotSpeed="1" restLoad="4.0" repr="0>0|0|0|0" driveNode="0>0|0|0|0|0" showSteeringAngle="false" radius="0.36" width="0.914" mass="0.5" initialCompression="30" suspTravel="0.27" spring="50" damper="40" frictionScale="2.0" tireType="crawler"/>
                        <tire tireTrackAtlasIndex="7" isCareWheel="false"/>
                    </wheel>
                    <wheel>
                        <physics rotSpeed="1" restLoad="4.0" repr="0>0|0|0|1" showSteeringAngle="false" radius="0.36" width="0.914" mass="0.5" initialCompression="20" suspTravel="0.27" spring="20" damper="40" frictionScale="2.0" tireType="crawler"/>
                        <tire isCareWheel="false"/>
                    </wheel>
                    <wheel hasParticles="true" hasTireTracks="true">
                        <physics rotSpeed="1" restLoad="4.0" repr="0>0|0|1|0" driveNode="0>0|0|1|0|0" showSteeringAngle="false" radius="0.36" width="0.914" mass="0.5" initialCompression="30" suspTravel="0.27" spring="50" damper="40" frictionScale="2.0" tireType="crawler"/>
                        <tire tireTrackAtlasIndex="7" isCareWheel="false"/>
                    </wheel>
                    <wheel>
                        <physics rotSpeed="1" restLoad="4.0" repr="0>0|0|1|1" showSteeringAngle="false" radius="0.36" width="0.914" mass="0.5" initialCompression="20" suspTravel="0.27" spring="20" damper="40" frictionScale="2.0" tireType="crawler"/>
                        <tire isCareWheel="false"/>
                    </wheel>
                    <wheel filename="$data/shared/wheels/michelin/cereXBib/750_65R26.xml" isLeft="true" hasTireTracks="true" hasParticles="true">
                        <physics tipOcclusionAreaGroupId="1" rotSpeed="-1" restLoad="6.2" repr="axisBackLeft" driveNode="wheelBackLeft" initialCompression="50" suspTravel="0.15" spring="78" damper="40"/>
                    </wheel>
                    <wheel filename="$data/shared/wheels/michelin/cereXBib/750_65R26.xml" isLeft="false" hasTireTracks="true" hasParticles="true">
                        <physics tipOcclusionAreaGroupId="1" rotSpeed="-1" restLoad="6.2" repr="axisBackRight" driveNode="wheelBackRight" initialCompression="50" suspTravel="0.15" spring="78" damper="40"/>
                    </wheel>
                </wheels>
                <objectChange node="0>0|0|3|0" visibilityActive="false"/>
                <objectChange node="0>0|0|4|0" visibilityActive="false"/>
                <crawlers>
                    <crawler filename="wheels/smart.xml" linkNode="0>0|0|0|0" wheelIndex="1" isLeft="true"/>
                    <crawler filename="wheels/smart.xml" linkNode="0>0|0|1|0" wheelIndex="3" isLeft="false"/>
                </crawlers>
            </wheelConfiguration>
            <wheelConfiguration name="$l10n_configuration_valueDefault" price="0" brand="TRELLEBORG">
                <wheels autoRotateBackSpeed="1.7">
                    <wheel filename="$data/shared/wheels/trelleborg/TM1000/710_70R42.xml" isLeft="true" hasTireTracks="true" hasParticles="true">
                        <physics tipOcclusionAreaGroupId="1" restLoad="1.7" repr="0>0|0|3|0" radius="0.95" forcePointRatio="0.5" frictionScale="3" initialCompression="10" suspTravel="0.22" spring="79" damper="50"/>
                    </wheel>
                    <wheel filename="$data/shared/wheels/trelleborg/TM1000/710_70R42.xml" isLeft="false" hasTireTracks="true" hasParticles="true">
                        <physics tipOcclusionAreaGroupId="1" restLoad="1.7" repr="0>0|0|4|0" radius="0.95" forcePointRatio="0.5" frictionScale="3" initialCompression="10" suspTravel="0.22" spring="79" damper="50"/>
                    </wheel>
                    <wheel filename="$data/shared/wheels/trelleborg/TM900/600_70R28.xml" isLeft="true" hasTireTracks="true" hasParticles="true">
                        <physics tipOcclusionAreaGroupId="1" rotSpeed="-1" restLoad="6.2" repr="axisBackLeft" driveNode="wheelBackLeft" initialCompression="50" suspTravel="0.15" spring="78" damper="40"/>
                    </wheel>
                    <wheel filename="$data/shared/wheels/trelleborg/TM900/600_70R28.xml" isLeft="false" hasTireTracks="true" hasParticles="true">
                        <physics tipOcclusionAreaGroupId="1" rotSpeed="-1" restLoad="6.2" repr="axisBackRight" driveNode="wheelBackRight" initialCompression="50" suspTravel="0.15" spring="78" damper="40"/>
                    </wheel>
                </wheels>
            </wheelConfiguration>
            <wheelConfiguration name="$l10n_configuration_valueDefault" price="0" brand="MICHELIN">
                <wheels autoRotateBackSpeed="1.7">
                    <wheel filename="$data/shared/wheels/michelin/cereXBib2/900_60R38.xml" isLeft="true" hasTireTracks="true" hasParticles="true">
                        <physics tipOcclusionAreaGroupId="1" restLoad="1.7" repr="0>0|0|3|0" radius="0.95" forcePointRatio="0.5" frictionScale="3" initialCompression="10" suspTravel="0.22" spring="79" damper="50"/>
                    </wheel>
                    <wheel filename="$data/shared/wheels/michelin/cereXBib2/900_60R38.xml" isLeft="false" hasTireTracks="true" hasParticles="true">
                        <physics tipOcclusionAreaGroupId="1" restLoad="1.7" repr="0>0|0|4|0" radius="0.95" forcePointRatio="0.5" frictionScale="3" initialCompression="10" suspTravel="0.22" spring="79" damper="50"/>
                    </wheel>
                    <wheel filename="$data/shared/wheels/michelin/cereXBib/750_65R26.xml" isLeft="true" hasTireTracks="true" hasParticles="true">
                        <physics tipOcclusionAreaGroupId="1" rotSpeed="-1" restLoad="6.2" repr="axisBackLeft" driveNode="wheelBackLeft" initialCompression="50" suspTravel="0.15" spring="78" damper="40"/>
                    </wheel>
                    <wheel filename="$data/shared/wheels/michelin/cereXBib/750_65R26.xml" isLeft="false" hasTireTracks="true" hasParticles="true">
                        <physics tipOcclusionAreaGroupId="1" rotSpeed="-1" restLoad="6.2" repr="axisBackRight" driveNode="wheelBackRight" initialCompression="50" suspTravel="0.15" spring="78" damper="40"/>
                    </wheel>
                </wheels>
                <objectChange node="wheelBackLeft" translationInactive="0 0 0" translationActive="0.1 0 0"/>
                <objectChange node="wheelBackRight" translationInactive="0 0 0" translationActive="-0.1 0 0"/>
            </wheelConfiguration>
            <wheelConfiguration name="$l10n_configuration_valueDefault" price="0" brand="MITAS">
                <wheels autoRotateBackSpeed="1.7">
                    <wheel filename="$data/shared/wheels/mitas/SFT/900_70R32.xml" isLeft="true" hasTireTracks="true" hasParticles="true">
                        <physics tipOcclusionAreaGroupId="1" restLoad="1.7" repr="0>0|0|3|0" radius="0.95" forcePointRatio="0.5" frictionScale="3" initialCompression="10" suspTravel="0.22" spring="79" damper="50"/>
                    </wheel>
                    <wheel filename="$data/shared/wheels/mitas/SFT/900_70R32.xml" isLeft="false" hasTireTracks="true" hasParticles="true">
                        <physics tipOcclusionAreaGroupId="1" restLoad="1.7" repr="0>0|0|4|0" radius="0.95" forcePointRatio="0.5" frictionScale="3" initialCompression="10" suspTravel="0.22" spring="79" damper="50"/>
                    </wheel>
                    <wheel filename="$data/shared/wheels/mitas/SFT/750_65R26.xml" isLeft="true" hasTireTracks="true" hasParticles="true">
                        <physics tipOcclusionAreaGroupId="1" rotSpeed="-1" restLoad="6.2" repr="axisBackLeft" driveNode="wheelBackLeft" initialCompression="50" suspTravel="0.15" spring="78" damper="40"/>
                    </wheel>
                    <wheel filename="$data/shared/wheels/mitas/SFT/750_65R26.xml" isLeft="false" hasTireTracks="true" hasParticles="true">
                        <physics tipOcclusionAreaGroupId="1" rotSpeed="-1" restLoad="6.2" repr="axisBackRight" driveNode="wheelBackRight" initialCompression="50" suspTravel="0.15" spring="78" damper="40"/>
                    </wheel>
                </wheels>
                <objectChange node="wheelBackLeft" translationInactive="0 0 0" translationActive="0.1 0 0"/>
                <objectChange node="wheelBackRight" translationInactive="0 0 0" translationActive="-0.1 0 0"/>
            </wheelConfiguration>
            <wheelConfiguration name="$l10n_configuration_valueTwinWheelsAll" price="2500" brand="MITAS">
                <wheels autoRotateBackSpeed="1.7">
                    <wheel filename="wheels/650_75R42Mitas.xml" isLeft="true" hasTireTracks="true" hasParticles="true">
                        <physics tipOcclusionAreaGroupId="1" restLoad="1.7" repr="0>0|0|3|0" forcePointRatio="0.5" frictionScale="4" initialCompression="10" suspTravel="0.22" spring="59" damper="40"/>
                        <additionalWheel filename="wheels/650_75R42Mitas.xml" offset="0.32" hasTireTracks="true" hasParticles="true">
                            <connector filename="wheels/dual002.i3d" node="0|0|0" useWidthAndDiam="true" width="24"/>
                        </additionalWheel>
                    </wheel>
                    <wheel filename="wheels/650_75R42Mitas.xml" isLeft="false" hasTireTracks="true" hasParticles="true">
                        <physics tipOcclusionAreaGroupId="1" restLoad="1.7" repr="0>0|0|4|0" forcePointRatio="0.5" frictionScale="4" initialCompression="10" suspTravel="0.22" spring="59" damper="40"/>
                        <additionalWheel filename="wheels/650_75R42Mitas.xml" offset="0.32" hasTireTracks="true" hasParticles="true">
                            <connector filename="wheels/dual002.i3d" node="0|0|0" useWidthAndDiam="true" width="24"/>
                        </additionalWheel>
                    </wheel>
                    <wheel filename="$data/shared/wheels/mitas/SFT/750_65R26.xml" isLeft="true" hasTireTracks="true" hasParticles="true">
                        <physics tipOcclusionAreaGroupId="1" rotSpeed="-1" restLoad="6.2" repr="axisBackLeft" driveNode="wheelBackLeft" initialCompression="50" suspTravel="0.15" spring="78" damper="40"/>
                        <tire isInverted="true"/>
                    </wheel>
                    <wheel filename="$data/shared/wheels/mitas/SFT/750_65R26.xml" isLeft="false" hasTireTracks="true" hasParticles="true">
                        <physics tipOcclusionAreaGroupId="1" rotSpeed="-1" restLoad="6.2" repr="axisBackRight" driveNode="wheelBackRight" initialCompression="50" suspTravel="0.15" spring="78" damper="40"/>
                        <tire isInverted="true"/>
                    </wheel>
                </wheels>
                <objectChange node="wheelBackLeft" translationInactive="0 0 0" translationActive="0.1 0 0"/>
                <objectChange node="wheelBackRight" translationInactive="0 0 0" translationActive="-0.1 0 0"/>
            </wheelConfiguration>
            <wheelConfiguration name="$l10n_configuration_valueTwinWheelsAll" price="2500" brand="TRELLEBORG">
                <wheels autoRotateBackSpeed="1.7">
                    <wheel filename="wheels/620_70R42t.xml" isLeft="true" hasTireTracks="true" hasParticles="true">
                        <physics tipOcclusionAreaGroupId="1" restLoad="1.7" repr="0>0|0|3|0" forcePointRatio="0.5" frictionScale="4" initialCompression="10" suspTravel="0.22" spring="59" damper="40"/>
                        <additionalWheel filename="wheels/620_70R42t.xml" offset="0.32" hasTireTracks="true" hasParticles="true">
                            <connector filename="wheels/dual002.i3d" node="0|0|0" useWidthAndDiam="true" width="24"/>
                        </additionalWheel>
                    </wheel>
                    <wheel filename="wheels/620_70R42t.xml" isLeft="false" hasTireTracks="true" hasParticles="true">
                        <physics tipOcclusionAreaGroupId="1" restLoad="1.7" repr="0>0|0|4|0" forcePointRatio="0.5" frictionScale="4" initialCompression="10" suspTravel="0.22" spring="59" damper="40"/>
                        <additionalWheel filename="wheels/620_70R42t.xml" offset="0.32" hasTireTracks="true" hasParticles="true">
                            <connector filename="wheels/dual002.i3d" node="0|0|0" useWidthAndDiam="true" width="24"/>
                        </additionalWheel>
                    </wheel>
                    <wheel filename="$data/shared/wheels/trelleborg/TM900/600_70R28.xml" isLeft="true" hasTireTracks="true" hasParticles="true">
                        <physics tipOcclusionAreaGroupId="1" rotSpeed="-1" restLoad="6.2" repr="axisBackLeft" driveNode="wheelBackLeft" initialCompression="50" suspTravel="0.15" spring="78" damper="40"/>
                        <tire isInverted="true"/>
                    </wheel>
                    <wheel filename="$data/shared/wheels/trelleborg/TM900/600_70R28.xml" isLeft="false" hasTireTracks="true" hasParticles="true">
                        <physics tipOcclusionAreaGroupId="1" rotSpeed="-1" restLoad="6.2" repr="axisBackRight" driveNode="wheelBackRight" initialCompression="50" suspTravel="0.15" spring="78" damper="40"/>
                        <tire isInverted="true"/>
                    </wheel>
                </wheels>
                <objectChange node="wheelBackLeft" translationInactive="0 0 0" translationActive="0.1 0 0"/>
                <objectChange node="wheelBackRight" translationInactive="0 0 0" translationActive="-0.1 0 0"/>
            </wheelConfiguration>
            <wheelConfiguration name="$l10n_configuration_valueTwinWheelsAll" price="2500" brand="MICHELIN">
                <wheels autoRotateBackSpeed="1.7">
                    <wheel filename="wheels/620_70R42m.xml" isLeft="true" hasTireTracks="true" hasParticles="true">
                        <physics tipOcclusionAreaGroupId="1" restLoad="1.7" repr="0>0|0|3|0" forcePointRatio="0.5" frictionScale="4" initialCompression="10" suspTravel="0.22" spring="59" damper="40"/>
                        <additionalWheel filename="wheels/620_70R42m.xml" offset="0.32" hasTireTracks="true" hasParticles="true">
                            <connector filename="wheels/dual002.i3d" node="0|0|0" useWidthAndDiam="true" width="24"/>
                        </additionalWheel>
                    </wheel>
                    <wheel filename="wheels/620_70R42m.xml" isLeft="false" hasTireTracks="true" hasParticles="true">
                        <physics tipOcclusionAreaGroupId="1" restLoad="1.7" repr="0>0|0|4|0" forcePointRatio="0.5" frictionScale="4" initialCompression="10" suspTravel="0.22" spring="59" damper="40"/>
                        <additionalWheel filename="wheels/620_70R42m.xml" offset="0.32" hasTireTracks="true" hasParticles="true">
                            <connector filename="wheels/dual002.i3d" node="0|0|0" useWidthAndDiam="true" width="24"/>
                        </additionalWheel>
                    </wheel>
                    <wheel filename="$data/shared/wheels/michelin/cereXBib/750_65R26.xml" isLeft="true" hasTireTracks="true" hasParticles="true">
                        <physics tipOcclusionAreaGroupId="1" rotSpeed="-1" restLoad="6.2" repr="axisBackLeft" driveNode="wheelBackLeft" initialCompression="50" suspTravel="0.15" spring="78" damper="40"/>
                        <tire isInverted="true"/>
                    </wheel>
                    <wheel filename="$data/shared/wheels/michelin/cereXBib/750_65R26.xml" isLeft="false" hasTireTracks="true" hasParticles="true">
                        <physics tipOcclusionAreaGroupId="1" rotSpeed="-1" restLoad="6.2" repr="axisBackRight" driveNode="wheelBackRight" initialCompression="50" suspTravel="0.15" spring="78" damper="40"/>
                        <tire isInverted="true"/>
                    </wheel>
                </wheels>
                <objectChange node="wheelBackLeft" translationInactive="0 0 0" translationActive="0.1 0 0"/>
                <objectChange node="wheelBackRight" translationInactive="0 0 0" translationActive="-0.1 0 0"/>
            </wheelConfiguration>
            <wheelConfiguration name="$l10n_configuration_Lizard" price="8100" brand="LIZARD">
                <wheels autoRotateBackSpeed="2.0">
                    <wheel filename="wheels/GY_1100_45R46.xml" isLeft="true" hasTireTracks="true" hasParticles="true">
                        <physics tipOcclusionAreaGroupId="1" restLoad="2.0" repr="0>0|0|3|0" forcePointRatio="0.5" frictionScale="4" initialCompression="10" suspTravel="0.22" spring="59" damper="40"/>
                    </wheel>
                    <wheel filename="wheels/GY_1100_45R46.xml" isLeft="false" hasTireTracks="true" hasParticles="true">
                        <physics tipOcclusionAreaGroupId="1" restLoad="2.0" repr="0>0|0|4|0" forcePointRatio="0.5" frictionScale="4" initialCompression="10" suspTravel="0.22" spring="59" damper="40"/>
                    </wheel>
                    <wheel filename="wheels/GY_1000_40R32.xml" isLeft="true" hasTireTracks="true" hasParticles="true">
                        <physics tipOcclusionAreaGroupId="1" rotSpeed="-1" restLoad="8.3" repr="1>0|0|0" driveNode="1>0|0|0|0|0" forcePointRatio="0.5" frictionScale="2" initialCompression="50" suspTravel="0.15" spring="90" damper="40"/>
                    </wheel>
                    <wheel filename="wheels/GY_1000_40R32.xml" isLeft="false" hasTireTracks="true" hasParticles="true">
                        <physics tipOcclusionAreaGroupId="1" rotSpeed="-1" restLoad="8.3" repr="1>0|1|0" driveNode="1>0|1|0|0|0" forcePointRatio="0.5" frictionScale="2" initialCompression="50" suspTravel="0.15" spring="90" damper="40"/>
                    </wheel>
                </wheels>
                <objectChange node="1>0|0|0|0|0" translationInactive="0 0 0" translationActive="0.1 0 0"/>
                <objectChange node="1>0|1|0|0|0" translationInactive="0 0 0" translationActive="-0.1 0 0"/>
            </wheelConfiguration>
        </wheelConfigurations>
        <ackermannSteeringConfigurations>
            <ackermannSteering rotSpeed="40" rotMax="35" rotCenter="0 2.0"/>
        </ackermannSteeringConfigurations>
        <rimColor>SHARED_WHITE2</rimColor>
        <hubs>
            <color0>SHARED_BLACK1</color0>
            <hub linkNode="0>0|0|3|0" filename="$data/shared/wheels/hubs/hub_n10_14.xml" isLeft="true" scale="0.6 0.4 0.4"/>
            <hub linkNode="0>0|0|4|0" filename="$data/shared/wheels/hubs/hub_n10_14.xml" isLeft="false" scale="0.6 0.4 0.4"/>
            <hub linkNode="wheelBackLeft" filename="$data/shared/wheels/hubs/hub_n10_14.xml" isLeft="true" scale="0.335 0.335 0.335"/>
            <hub linkNode="wheelBackRight" filename="$data/shared/wheels/hubs/hub_n10_14.xml" isLeft="false" scale="0.335 0.335 0.335"/>
        </hubs>
    </wheels>
    <attacherJoints>
        <attacherJoint node="attacherJoint" jointType="cutter" jointPositionOffset="0 0 -1.504" lowerRotLimit="0 0 15" lowerTransLimit="0 0 0" lockDownRotLimit="true" moveTime="2.5" comboTime="0">
            <distanceToGround lower="0.89" upper="2.01"/>
            <rotationNode node="attacherJointsRot" upperRotation="-24 0 0" lowerRotation="20 0 0"/>
            <bottomArm rotationNode="attacherBottomArm"/>
            <schema position="1 0" rotation="0" invertX="true"/>
            <attachSound template="ATTACH_01"/>
        </attacherJoint>
        <attacherJoint node="trailerAttacherJoint" jointType="trailerLow" lowerRotLimit="10 80 50" upperRotationOffset="0" comboTime="1" allowsJointLimitMovement="false" canTurnOnImplement="false">
            <schema position="1 0" rotation="0" invertX="false"/>
        </attacherJoint>
        <attacherJoint node="trailerAttacherJoint" jointType="trailer" lowerRotLimit="10 80 50" upperRotationOffset="0" comboTime="1" allowsJointLimitMovement="false" canTurnOnImplement="false">
            <schema position="1 0" rotation="0" invertX="false"/>
        </attacherJoint>
        <sounds>
            <attach template="ATTACH_01"/>
            <hydraulic template="DEFAULT_HYDRAULIC_SOUND"/>
        </sounds>
    </attacherJoints>
    <powerTakeOffs>
        <output outputNode="ptoLeft" attacherJointIndices="1" ptoName="LEFT_PTO"/>
        <output outputNode="ptoRight" attacherJointIndices="1" ptoName="RIGHT_PTO"/>
    </powerTakeOffs>
    <lights>
        <sharedLight linkNode="yellowRound_01_01" filename="$data/shared/assets/reflectors/lizard/yellowRound_01.xml"/>
        <sharedLight linkNode="yellowRound_01_02" filename="$data/shared/assets/reflectors/lizard/yellowRound_01.xml"/>
        <sharedLight linkNode="yellowRound_01_03" filename="$data/shared/assets/reflectors/lizard/yellowRound_01.xml"/>
        <sharedLight linkNode="yellowRound_01_04" filename="$data/shared/assets/reflectors/lizard/yellowRound_01.xml"/>
        <sharedLight linkNode="yellowRound_01_05" filename="$data/shared/assets/reflectors/lizard/yellowRound_01.xml"/>
        <sharedLight linkNode="yellowRound_01_06" filename="$data/shared/assets/reflectors/lizard/yellowRound_01.xml"/>
        <sharedLight linkNode="yellowRound_01_07" filename="$data/shared/assets/reflectors/lizard/yellowRound_01.xml"/>
        <sharedLight linkNode="yellowRound_01_08" filename="$data/shared/assets/reflectors/lizard/yellowRound_01.xml"/>
        <sharedLight linkNode="yellowRound_01_09" filename="$data/shared/assets/reflectors/lizard/yellowRound_01.xml"/>
        <sharedLight linkNode="workingLightSquare_02_01" lightTypes="4" filename="$data/shared/assets/lights/lizard/workingLightSquare_02.xml"/>
        <sharedLight linkNode="workingLightCircle_02_01" filename="$data/shared/assets/lights/lizard/workingLightCircle_02.xml">
            <rotationNode name="rotationNode1" rotation="-10 0 0"/>
        </sharedLight>
        <sharedLight linkNode="workingLightCircle_02_02" filename="$data/shared/assets/lights/lizard/workingLightCircle_02.xml">
            <rotationNode name="rotationNode1" rotation="-10 0 0"/>
        </sharedLight>
        <sharedLight linkNode="workingLightCircle_02_03" filename="$data/shared/assets/lights/lizard/workingLightCircle_02.xml">
            <rotationNode name="rotationNode1" rotation="-15 0 0"/>
        </sharedLight>
        <sharedLight linkNode="workingLightCircle_02_04" filename="$data/shared/assets/lights/lizard/workingLightCircle_02.xml">
            <rotationNode name="rotationNode1" rotation="-15 0 0"/>
        </sharedLight>
        <sharedLight linkNode="workingLightCircle_02_05" filename="$data/shared/assets/lights/lizard/workingLightCircle_02.xml">
            <rotationNode name="rotationNode1" rotation="-15 0 0"/>
        </sharedLight>
        <sharedLight linkNode="workingLightCircle_02_06" filename="$data/shared/assets/lights/lizard/workingLightCircle_02.xml">
            <rotationNode name="rotationNode1" rotation="-15 0 0"/>
        </sharedLight>
        <sharedLight linkNode="frontLightRectangle_01Orange_right" filename="$data/shared/assets/lights/lizard/frontLightRectangle_01Orange_right.xml"/>
        <sharedLight linkNode="workingLightSquare_02_02" lightTypes="1" filename="$data/shared/assets/lights/lizard/workingLightSquare_02.xml">
            <rotationNode name="rotationNode1" rotation="-15 0 0"/>
        </sharedLight>
        <sharedLight linkNode="workingLightSquare_02_03" lightTypes="1" filename="$data/shared/assets/lights/lizard/workingLightSquare_02.xml">
            <rotationNode name="rotationNode1" rotation="-15 0 0"/>
        </sharedLight>
        <sharedLight linkNode="workingLightCircle_02" lightTypes="1" filename="$data/shared/assets/lights/lizard/workingLightCircle_02.xml"/>
        <sharedLight linkNode="rearLightCircleWhite_01_01" lightTypes="0" filename="$data/shared/assets/lights/lizard/rearLightCircleWhite_01.xml"/>
        <sharedLight linkNode="rearLightCircleWhite_01_02" lightTypes="0" filename="$data/shared/assets/lights/lizard/rearLightCircleWhite_01.xml"/>
        <sharedLight linkNode="rearLightCircleWhite_01_03" lightTypes="0" filename="$data/shared/assets/lights/lizard/rearLightCircleWhite_01.xml"/>
        <sharedLight linkNode="rearLightCircleWhite_01_04" lightTypes="0" filename="$data/shared/assets/lights/lizard/rearLightCircleWhite_01.xml"/>
        <sharedLight linkNode="rearLightCircleWhite_01_05" lightTypes="0" filename="$data/shared/assets/lights/lizard/rearLightCircleWhite_01.xml"/>
        <sharedLight linkNode="rearLightCircleWhite_01_06" lightTypes="0" filename="$data/shared/assets/lights/lizard/rearLightCircleWhite_01.xml"/>
        <sharedLight linkNode="rearLightCircleWhite_01_07" lightTypes="0" filename="$data/shared/assets/lights/lizard/rearLightCircleWhite_01.xml"/>
        <sharedLight linkNode="rearLightCircleWhite_01_08" lightTypes="0" filename="$data/shared/assets/lights/lizard/rearLightCircleWhite_01.xml"/>
        <sharedLight linkNode="rearLightCircleWhite_01_09" lightTypes="2" filename="$data/shared/assets/lights/lizard/rearLightCircleWhite_01.xml"/>
        <sharedLight linkNode="rearLightCircleWhite_01_10" lightTypes="2" filename="$data/shared/assets/lights/lizard/rearLightCircleWhite_01.xml"/>
        <sharedLight linkNode="rearLightCircleWhite_01_11" lightTypes="2" filename="$data/shared/assets/lights/lizard/rearLightCircleWhite_01.xml"/>
        <sharedLight linkNode="rearLightCircleWhite_01_12" lightTypes="2" filename="$data/shared/assets/lights/lizard/rearLightCircleWhite_01.xml"/>
        <sharedLight linkNode="rearLightCircleWhite_01_13" lightTypes="2" filename="$data/shared/assets/lights/lizard/rearLightCircleWhite_01.xml"/>
        <sharedLight linkNode="rearLightCircleWhite_01_14" lightTypes="2" filename="$data/shared/assets/lights/lizard/rearLightCircleWhite_01.xml"/>
        <sharedLight linkNode="rearLightCircleWhite_01_15" lightTypes="2" filename="$data/shared/assets/lights/lizard/rearLightCircleWhite_01.xml"/>
        <sharedLight linkNode="rearLightCircleWhite_01_16" lightTypes="2" filename="$data/shared/assets/lights/lizard/rearLightCircleWhite_01.xml"/>
        <sharedLight linkNode="rearLightCircleWhite_02_01" lightTypes="2" filename="$data/shared/assets/lights/lizard/rearLightCircleWhite_01.xml"/>
        <sharedLight linkNode="workingLightCircle_02_01" lightTypes="2" filename="$data/shared/assets/lights/lizard/workingLightCircle_02.xml"/>
        <sharedLight linkNode="workingLightCircle_02_02" lightTypes="2" filename="$data/shared/assets/lights/lizard/workingLightCircle_02.xml"/>
        <states>
            <state lightTypes="0"/>
            <state lightTypes="0 1"/>
            <state lightTypes="0 1 2"/>
            <state lightTypes="0 1 2 4"/>
        </states>
        <realLights>
            <low>
                <light node="frontLightLow" lightTypes="0" excludedLightTypes="2 3"/>
                <light node="workLightBackLow" lightTypes="1"/>
                <light node="workLightFrontLow" lightTypes="2"/>
                <light node="highBeamLow" lightTypes="3"/>
            </low>
            <high>
                <light node="frontLightHigh" lightTypes="0" excludedLightTypes="2 3"/>
                <light node="workLightBackHigh" lightTypes="1"/>
                <light node="workLightTank" lightTypes="1"/>
                <light node="workLightFrontHigh" lightTypes="2"/>
                <light node="highBeamHigh" lightTypes="3"/>
                <light node="workLightPipeHigh" lightTypes="4"/>
                <light node="backLightsHigh" lightTypes="0"/>
                <light node="0>0|2|14" lightTypes="3"/>
                <brakeLight node="backLightsHigh"/>
                <turnLightLeft node="0>0|2|9"/>
                <turnLightRight node="0>0|2|10"/>
                <interiorLight node="interiorScreenLight"/>
            </high>
        </realLights>
        <defaultLights>
            <defaultLight shaderNode="backlightsStatic" lightTypes="0" intensity="1"/>
            <defaultLight shaderNode="backlightsStatic1" lightTypes="0"/>
        </defaultLights>
        <brakeLights>
            <brakeLight shaderNode="backlightsStatic" intensity="5"/>
            <brakeLight shaderNode="backlightsStatic1"/>
        </brakeLights>
        <turnLights>
            <turnLightLeft shaderNode="0>0|15|17|0|2" intensity="1"/>
            <turnLightRight shaderNode="0>0|15|18|0|2" intensity="1"/>
            <turnLightLeft shaderNode="turnlightLeftStatic1"/>
            <turnLightRight shaderNode="turnlightRightStatic" intensity="1"/>
            <turnLightRight shaderNode="turnlightRightStatic1"/>
        </turnLights>
        <beaconLights>
            <beaconLight node="beaconLight1" filename="$data/shared/assets/beaconLights/lizard/beaconLight06.xml"/>
            <beaconLight node="beaconLight2" filename="$data/shared/assets/beaconLights/lizard/beaconLight06.xml"/>
            <beaconLight node="beaconLight3" filename="$data/shared/assets/beaconLights/lizard/beaconLight06.xml"/>
            <beaconLight node="beaconLight4" filename="$data/shared/assets/beaconLights/lizard/beaconLight02.xml"/>
            <beaconLight node="beaconLight5" filename="$data/shared/assets/beaconLights/lizard/beaconLight02.xml"/>
        </beaconLights>
        <sounds>
            <switchLight template="SWITCH_01"/>
            <turnLight template="SWITCH_TURNLIGHT"/>
        </sounds>
        <dashboards>
            <dashboard displayType="EMITTER" valueType="lightState" node="seatDecalLight" intensity="0.15" lightTypes="0" groups="MOTOR_ACTIVE"/>
            <dashboard displayType="EMITTER" valueType="lightState" node="joystickDecals" intensity="0.15" lightTypes="0" groups="MOTOR_ACTIVE"/>
            <dashboard displayType="EMITTER" valueType="lightState" node="cabinDecalLight" intensity="0.15" lightTypes="0" groups="MOTOR_ACTIVE"/>
        </dashboards>
    </lights>
    <workAreas>
        <workArea type="combineSwath" functionName="processCombineSwathArea" requiresGroundContact="false" disableBackwards="false">
            <area startNode="workAreaStrawStart" widthNode="workAreaStrawWidth" heightNode="workAreaStrawHeight"/>
        </workArea>
        <workArea type="combineChopper" functionName="processCombineChopperArea" requiresGroundContact="false" disableBackwards="false">
            <area startNode="workAreaChopperStart" widthNode="workAreaChopperWidth" heightNode="workAreaChopperHeight"/>
        </workArea>
    </workAreas>
    <enterable>
        <exitPoint node="exitPoint"/>
        <enterReferenceNode node="cr1090_main_component1"/>
        <characterNode node="playerSkin" cameraMinDistance="1.5" spineRotation="-90 0 90">
            <target ikChain="rightFoot" targetNode="playerRightFootTarget"/>
            <target ikChain="leftFoot" targetNode="playerLeftFootTarget"/>
            <target ikChain="rightArm" targetNode="playerRightHandTarget"/>
            <target ikChain="leftArm" targetNode="playerLeftHandTarget"/>
        </characterNode>
        <cameras>
            <camera node="outdoorCamera" rotatable="true" rotateNode="outdoorCameraTarget" limit="true" useWorldXZRotation="true" rotMinX="-1.4" rotMaxX="1" transMin="7" transMax="40" translation="0 0 11.3" rotation="-25 180 0">
                <raycastNode node="cameraRaycastNode1"/>
                <raycastNode node="cameraRaycastNode2"/>
            </camera>
            <camera node="indoorCamera" rotatable="true" limit="true" rotMinX="-1.1" rotMaxX="0.4" transMin="0" transMax="0" useMirror="true" isInside="true" shadowFocusBox="shadowFocusBox"/>
        </cameras>
        <mirrors>
            <mirror node="mirror1Decal" prio="2"/>
            <mirror node="mirror2Decal" prio="1"/>
            <mirror node="mirror4Decal" prio="2"/>
            <mirror node="mirror3Decal" prio="1"/>
        </mirrors>
    </enterable>
    <suspensions>
        <suspension node="seat" weight="150" minTranslation="0 -0.15 0.0" maxTranslation="0 0.15 0.0" suspensionParametersX="20 4" suspensionParametersY="5 1" suspensionParametersZ="20 4"/>
        <suspension useCharacterTorso="true" weight="90" minRotation="0 -5 -5" maxRotation="0 5 5" suspensionParametersY="7 1" suspensionParametersZ="7 1"/>
    </suspensions>
    <wipers>
        <wiper animName="wiperFrontAnimation">
            <state animSpeed="0.75" animPause="2.0"/>
            <state animSpeed="0.75" animPause="0.0"/>
            <state animSpeed="1.10" animPause="0.0"/>
        </wiper>
    </wipers>
    <motorized>
        <consumerConfigurations>
            <consumerConfiguration>
                <consumer fillUnitIndex="2" usage="261" fillType="diesel"/>
                <consumer fillUnitIndex="3" usage="3.0" fillType="def"/>
            </consumerConfiguration>
        </consumerConfigurations>
        <motorConfigurations>
            <motorConfiguration name="CR10.90 BR" price="0">
                <motor torqueScale="2.955" minRpm="850" maxRpm="2200" maxForwardSpeed="45" maxBackwardSpeed="15" brakeForce="15" lowBrakeForceScale="0.22" lowBrakeForceSpeedLimit="1">
                    <torque normRpm="0.45" torque="0.9"/>
                    <torque normRpm="0.5" torque="0.97"/>
                    <torque normRpm="0.59" torque="1"/>
                    <torque normRpm="0.72" torque="1"/>
                    <torque normRpm="0.86" torque="0.88"/>
                    <torque normRpm="1" torque="0.72"/>
                </motor>
                <objectChange node="0>0|15|14" visibilityActive="false"/>
                <objectChange node="0>0|15|23" visibilityActive="true"/>
                <objectChange node="0>0|15|17" visibilityActive="true"/>
                <objectChange node="0>0|15|18" visibilityActive="true"/>
                <objectChange node="0>0|2|12|12" visibilityActive="false"/>
				<objectChange node="0>0|15|22" visibilityActive="true"/>
                <transmission minForwardGearRatio="14.5" maxForwardGearRatio="250" minBackwardGearRatio="40" maxBackwardGearRatio="200"/>
            </motorConfiguration>
            <motorConfiguration name="CR10.90 Euro" hp="700" price="1000">
                <motor torqueScale="2.955"/>
                <objectChange node="0>0|15|14" visibilityActive="true"/>
                <objectChange node="0>0|15|23" visibilityActive="false"/>
                <objectChange node="0>0|15|17" visibilityActive="false"/>
                <objectChange node="0>0|15|18" visibilityActive="false"/>
				<objectChange node="0>0|15|22" visibilityActive="false"/>
            </motorConfiguration>
        </motorConfigurations>
        <differentialConfigurations>
            <differentialConfiguration>
                <differentials>
                    <differential torqueRatio="0.5" maxSpeedRatio="2.1" wheelIndex1="1" wheelIndex2="2"/>
                    <differential torqueRatio="0.5" maxSpeedRatio="1.8" wheelIndex1="3" wheelIndex2="4"/>
                    <differential torqueRatio="0.5" maxSpeedRatio="1.4" differentialIndex1="1" differentialIndex2="2"/>
                </differentials>
            </differentialConfiguration>
            <differentialConfiguration>
                <differentials>
                    <differential torqueRatio="0.5" maxSpeedRatio="1.5" wheelIndex1="1" wheelIndex2="2"/>
                    <differential torqueRatio="0.5" maxSpeedRatio="1.5" wheelIndex1="3" wheelIndex2="4"/>
                    <differential torqueRatio="0.5" maxSpeedRatio="2.4" differentialIndex1="1" differentialIndex2="2"/>
                    <differential torqueRatio="0.5" maxSpeedRatio="2.1" wheelIndex1="5" wheelIndex2="6"/>
                    <differential torqueRatio="0.5" maxSpeedRatio="1.3" differentialIndex1="3" differentialIndex2="4"/>
                </differentials>
            </differentialConfiguration>
        </differentialConfigurations>
        <exhaustEffects>
            <exhaustEffect node="exhaustEffect" filename="$data/particleSystems/shared/exhaust.i3d" minRpmColor="0.9 0.9 0.9 0.05" maxRpmColor="0.9 0.9 0.9 0.2" minRpmScale="0.08" maxRpmScale="0.6" xzRotationsOffset="0 0" xzRotationsForward="-150 0" xzRotationsBackward="100 0" xzRotationsLeft="0 -150" xzRotationsRight="0 150"/>
        </exhaustEffects>
        <exhaustFlap node="0>0|9|5" maxRot="90"/>
        <animationNodes>
            <animationNode node="0>0|9|0|0" rotAxis="1" rotSpeed="600" turnOnFadeTime="4" turnOffFadeTime="3"/>
            <animationNode node="0>0|9|0|1" rotAxis="1" rotSpeed="600" turnOnFadeTime="4" turnOffFadeTime="3"/>
        </animationNodes>
        <motorStartDuration>4000</motorStartDuration>
        <dashboards>
            <dashboard displayType="NUMBER" valueType="rpm" numbers="numbersRpm" precision="0" groups="MOTOR_ACTIVE"/>
            <dashboard displayType="NUMBER" valueType="speed" numbers="numbersSpeed" precision="1" groups="MOTOR_ACTIVE"/>
            <dashboard displayType="ROT" valueType="speedDir" node="joystick" minRot="-30 0 0" maxRot="30 0 0" groups="MOTOR_ACTIVE"/>
        </dashboards>
        <sounds externalSoundFile="$data/sounds/vehicles/engine/new_holland_cr1090/new_holland_cr1090.xml"/>
    </motorized>
    <drivable>
        <sounds>
            <waterSplash template="WATER_SPLASH_01"/>
        </sounds>
        <steeringWheel node="steeringWheel" indoorRotation="360" outdoorRotation="30"/>
    </drivable>
    <foldable>
        <foldingParts startMoveDirection="1" turnOnFoldMinLimit="0" turnOnFoldMaxLimit="0.02">
            <foldingPart animationName="foldGrainTank" speedScale="1"/>
        </foldingParts>
    </foldable>
    <animations>
        <animation name="foldGrainTank">
            <part node="graintankLightToggle" startTime="0.05" endTime="0" visibility="true"/>
            <part node="graintankLightToggle" startTime="0.1" endTime="0.15" visibility="false"/>
            <part node="grainTankRotor" startTime="0" endTime="4" startRot="0 0 0" endRot="50 0 0"/>
            <part node="pipePart" startTime="0" duration="2.5" startRot="0 0 0" endRot="0 90 0"/>
        </animation>
        <animation name="toggleChopper">
            <part node="chopper" startTime="0" duration="1.5" startRot="0 0 0" endRot="-7 0 0"/>
            <part node="chopperSwitch" startTime="0" duration="1.5" startRot="0 0 0" endRot="-33 0 0"/>
        </animation>
        <animation name="foldPipe">
            <part node="pipe" startTime="0" endTime="4" startRot="0 0 0" endRot="0 -95 0"/>
        </animation>
        <animation name="ladderAnimation">
            <part node="0>0|9|3" startTime="0.0" endTime="2.0" startRot="0.0 0.0 0.0" endRot="0.0 -90.0 0.0"/>
        </animation>
        <animation name="dischargeNodeAnim">
            <part node="dischargeNode" startTime="0" endTime="1" startRot="0 0 -5" endRot="0 0 5"/>
        </animation>
        <animation name="wiperFrontAnimation">
            <part node="wiperArm1" startTime="0.0" endTime="0.3" startRot="0 0 0" endRot="0 6 31"/>
            <part node="wiperArm1" startTime="0.3" endTime="0.6" startRot="0 6 31" endRot="0 0 62"/>
            <part node="wiperArm2" startTime="0.0" endTime="0.3" startRot="0 0 0" endRot="0 6 31"/>
            <part node="wiperArm2" startTime="0.3" endTime="0.6" startRot="0 6 31" endRot="0 0 62"/>
            <part node="wiper" startTime="0.0" endTime="0.3" startRot="0 0 0" endRot="4 0 -31"/>
            <part node="wiper" startTime="0.3" endTime="0.6" startRot="4 0 -31" endRot="0 0 -62"/>
        </animation>
    </animations>
    <cylindered>
        <movingTools>
            <movingTool node="pipe" playSound="true">
                <dependentPart node="pipeHydraulic"/>
                <dependentPart node="pipePipes"/>
            </movingTool>
            <movingTool node="pipePart" playSound="true">
                <dependentPart node="pipe2Arm"/>
            </movingTool>
            <movingTool node="pipeEnd" playSound="true">
                <controls axis="AXIS_PIPE" invertAxis="true" mouseSpeedFactor="0.7" iconName="PIPE_END_ROTATE"/>
                <rotation rotSpeed="20" rotAcceleration="300" rotMax="17.9" rotMin="0" rotationAxis="1" startRot="17.9"/>
                <dependentAnimation name="dischargeNodeAnim" rotationAxis="1" minValue="0" maxValue="17.9"/>
                <dependentPart node="pipeEndHydraulic"/>
            </movingTool>
            <movingTool node="attacherBottomArm">
                <dependentPart node="feederHydraulic"/>
            </movingTool>
            <movingTool node="chopper">
                <dependentPart node="chopperArm"/>
            </movingTool>
            <movingTool node="chopperSwitch">
                <dependentPart node="hydraulicChopperSwitch"/>
            </movingTool>
            <movingTool node="grainTankDoorLeft" playSound="true">
                <dependentPart node="grainTankDoorLeftRotor"/>
                <dependentPart node="grainTankDoorLeftChain"/>
            </movingTool>
            <movingTool node="grainTankDoorRight" playSound="true">
                <dependentPart node="grainTankDoorRightRotor"/>
                <dependentPart node="grainTankDoorRightChain"/>
            </movingTool>
            <movingTool node="grainTankRotor">
                <dependentPart node="grainTankRotorChain"/>
            </movingTool>
            <movingTool node="0>0|9|4">
                <controls axis="AXIS_CRANE_TOOL2" invertAxis="false" mouseSpeedFactor="0.3"/>
                <rotation rotSpeed="275" rotAcceleration="250" rotMax="0.007" rotMin=" -49 " rotationAxis="2"/>
            </movingTool>
            <movingTool node="0>0|12|0|6|0">
                <dependentPart node="0>0|12|0|6|0|1"/>
            </movingTool>
        </movingTools>
        <movingParts>
            <movingPart node="pipeHydraulic" referencePoint="pipeHydraulicRef" referenceFrame="cr1090_main_component1">
                <translatingPart node="pipeHydraulicPunch"/>
            </movingPart>
            <movingPart node="pipePipes" referencePoint="pipePipesRef" referenceFrame="cr1090_main_component1" scaleZ="true"/>
            <movingPart node="pipe2Arm" referencePoint="pipe2Arm2Ref" localReferencePoint="pipe2Arm2" referenceFrame="pipe2ArmRefFrame">
                <dependentPart node="pipe2Arm2"/>
                <dependentPart node="pipeArm2Hydraulic"/>
            </movingPart>
            <movingPart node="pipe2Arm2" referencePoint="pipe2Arm2Ref" referenceFrame="pipe2Arm2RefFrame" scaleZ="true"/>
            <movingPart node="pipeArm2Hydraulic" referencePoint="pipeArm2HydraulicRef" referenceFrame="cr1090_main_component1">
                <translatingPart node="pipeArm2HydraulicPunch"/>
            </movingPart>
            <movingPart node="pipeEndHydraulic" referencePoint="pipeEndHydraulicRef" referenceFrame="pipeEndHydraulicRef">
                <translatingPart node="pipeEndHydraulicPunch"/>
            </movingPart>
            <movingPart node="feederHydraulic" referencePoint="feederHydraulicRef" referenceFrame="cr1090_main_component1">
                <translatingPart node="feederHydraulicPunch"/>
            </movingPart>
            <movingPart node="hydraulicChopperSwitch" referencePoint="hydraulicChopperSwitchRef" referenceFrame="cr1090_main_component1">
                <translatingPart node="hydraulicChopperSwitchPunch"/>
            </movingPart>
            <movingPart node="chopperArm" referencePoint="chopperArmRef" localReferencePoint="chopperArm2" referenceFrame="cr1090_main_component1">
                <dependentPart node="chopperArm2"/>
            </movingPart>
            <movingPart node="chopperArm2" referencePoint="chopperArmRef" referenceFrame="cr1090_main_component1" scaleZ="true"/>
            <movingPart node="grainTankDoorLeftRotor" referencePoint="grainTankDoorLeftRotorRef" localReferencePoint="grainTankDoorLeftArm" referenceFrame="grainTankDoorLeftRotorRef">
                <dependentPart node="grainTankDoorLeftArm"/>
                <dependentPart node="hydraulicGrainTankRotor"/>
            </movingPart>
            <movingPart node="grainTankDoorLeftArm" referencePoint="grainTankDoorLeftRotorRef" referenceFrame="cr1090_main_component1" scaleZ="true"/>
            <movingPart node="grainTankDoorRightRotor" referencePoint="grainTankDoorRightRotorRef" localReferencePoint="grainTankDoorRightArm" referenceFrame="grainTankDoorRightRotorRef">
                <dependentPart node="grainTankDoorRightArm"/>
                <dependentPart node="hydraulicGrainTankRotor"/>
                <dependentPart node="grainTankDoorFrontArm"/>
                <dependentPart node="grainTankDoorBackArm"/>
                <dependentPart node="grainTankRotorChain"/>
            </movingPart>
            <movingPart node="grainTankDoorRightArm" referencePoint="grainTankDoorRightRotorRef" referenceFrame="cr1090_main_component1" scaleZ="true"/>
            <movingPart node="hydraulicGrainTankRotor" referencePoint="hydraulicGrainTankRotorRef" referenceFrame="cr1090_main_component1" isActiveDirty="true">
                <translatingPart node="hydraulicGrainTankRotorPunch"/>
            </movingPart>
            <movingPart node="grainTankDoorLeftChain" referencePoint="grainTankDoorLeftChainRef" referenceFrame="grainTankDoorLeftChainRefFrame" scaleZ="true"/>
            <movingPart node="grainTankDoorRightChain" referencePoint="grainTankDoorRightChainRef" referenceFrame="grainTankDoorRightChainRefFrame" scaleZ="true"/>
            <movingPart node="grainTankDoorFrontArm" referencePoint="grainTankDoorFrontArmRef" referenceFrame="grainTankDoorRightChainRefFrame" scaleZ="true"/>
            <movingPart node="grainTankDoorBackArm" referencePoint="grainTankDoorBackArmRef" referenceFrame="grainTankDoorRightChainRefFrame" scaleZ="true"/>
            <movingPart node="grainTankRotorChain" referencePoint="grainTankRotorChainRef" referenceFrame="grainTankRotorChainRefFrame" scaleZ="true"/>
            <movingPart node="driveNodeLeft" referencePoint="crawlerLeftFrontWheel" referenceFrame="cr1090_main_component1" isActiveDirty="true"/>
            <movingPart node="driveNodeRight" referencePoint="crawlerRightFrontWheel" referenceFrame="cr1090_main_component1" isActiveDirty="true"/>
            <movingPart node="steeringBar" referencePoint="steeringBarRef" referenceFrame="cr1090_main_component1" isActiveDirty="true"/>
            <movingPart node="steeringLeftHydraulic" referencePoint="steeringLeftHydraulicRef" referenceFrame="cr1090_main_component1" isActiveDirty="true">
                <translatingPart node="steeringLeftHydraulicPunch"/>
            </movingPart>
            <movingPart node="steeringRightHydraulic" referencePoint="steeringRightHydraulicRef" referenceFrame="cr1090_main_component1" isActiveDirty="true">
                <translatingPart node="steeringRightHydraulicPunch"/>
            </movingPart>
        </movingParts>
        <sounds>
            <hydraulic template="DEFAULT_HYDRAULIC_SOUND"/>
        </sounds>
    </cylindered>
    <fillUnit>
        <fillUnitConfigurations>
            <fillUnitConfiguration name="$l10n_configuration_valueDefault" price="0">
                <fillUnits>
                    <fillUnit unit="$l10n_unit_literShort" fillTypeCategories="combine" capacity="24500">
                        <exactFillRootNode node="exactFillRootNode"/>
                        <alarmTriggers>
                            <alarmTrigger minFillLevel="1" maxFillLevel="1" turnOffInTrigger="true"/>
                        </alarmTriggers>
                    </fillUnit>
                    <fillUnit unit="$l10n_unit_literShort" showOnHud="false" showInShop="false" fillTypes="diesel" capacity="1300"/>
                    <fillUnit unit="$l10n_unit_literShort" showOnHud="false" showInShop="false" fillTypes="def" capacity="160"/>
                </fillUnits>
                <objectChange node="0>0|9|1" visibilityActive="true"/>
                <objectChange node="0>0|12|0" visibilityActive="false"/>
            </fillUnitConfiguration>
            <fillUnitConfiguration name="Lizard Top" price="10000">
                <fillUnits>
                    <fillUnit unit="$l10n_unit_literShort" fillTypeCategories="combine" capacity="18500">
                        <exactFillRootNode node="exactFillRootNode"/>
                        <alarmTriggers>
                            <alarmTrigger minFillLevel="1" maxFillLevel="1" turnOffInTrigger="true"/>
                        </alarmTriggers>
                    </fillUnit>
                    <fillUnit unit="$l10n_unit_literShort" showOnHud="false" showInShop="false" fillTypes="diesel" capacity="1400"/>
                    <fillUnit unit="$l10n_unit_literShort" showOnHud="false" showInShop="false" fillTypes="def" capacity="180"/>
                </fillUnits>
                <objectChange node="0>0|9|1" visibilityActive="false"/>
                <objectChange node="0>0|12|0" visibilityActive="true"/>
            </fillUnitConfiguration>
        </fillUnitConfigurations>
    </fillUnit>
    <fillVolume>
        <fillVolumeConfigurations>
            <fillVolumeConfiguration>
                <volumes>
                    <volume node="fillVolume" maxDelta="0.5" maxAllowedHeapAngle="20" fillUnitIndex="1"/>
                </volumes>
            </fillVolumeConfiguration>
            <fillVolumeConfiguration>
                <volumes>
                    <volume node="0>0|12|0|3" maxDelta="0.5" maxAllowedHeapAngle="20" fillUnitIndex="1"/>
                </volumes>
            </fillVolumeConfiguration>
        </fillVolumeConfigurations>
        <unloadInfos>
            <unloadInfo>
                <node node="fillVolumeUnloadNode" width="0.4" length="0.4"/>
            </unloadInfo>
        </unloadInfos>
        <loadInfos>
            <loadInfo>
                <node node="fillVolumeLoadNode" width="0.4" length="0.4"/>
            </loadInfo>
        </loadInfos>
    </fillVolume>
    <dischargeable>
        <dischargeNode node="dischargeNode" emptySpeed="625" fillUnitIndex="1" maxDistance="8">
            <info width="0.4" length="0.4" useRaycastHitPosition="true"/>
            <effects>
                <effectNode effectClass="PipeEffect" effectNode="effectPipeGrain" materialType="pipe" materialTypeId="1" maxBending="0.8" positionUpdateNodes="effectPipeSmoke" delay="0" extraDistance="0.15"/>
                <effectNode effectNode="effectPipeSmoke" materialType="smoke" materialTypeId="1" alignToWorldY="true" delay="0.1"/>
            </effects>
        </dischargeNode>
    </dischargeable>
    <pipe unloadInfoIndex="1" foldMinState="1" foldMaxState="1" foldMinLimit="0" foldMaxLimit="0.1" litersPerSecond="610">
        <dischargeNode index="1"/>
        <states num="2" unloading="2"/>
        <animation name="foldPipe" speedScale="1"/>
        <unloadingTriggers>
            <unloadingTrigger node="trailerTrigger"/>
        </unloadingTriggers>
    </pipe>
    <combine>
        <swath available="true" workAreaIndex="2"/>
        <chopper available="true" workAreaIndex="1" animName="toggleChopper" animSpeedScale="1"/>
        <processing toggleTime="4.8"/>
        <ladder animName="ladderAnimation" animSpeedScale="-1" foldMinLimit="0.01" foldMaxLimit="1"/>
        <fillEffect>
            <effectNode effectNode="grain1" materialType="unloading" materialTypeId="3" delay="0"/>
            <effectNode effectNode="smoke1" materialType="smoke" materialTypeId="1" delay="0.1"/>
            <effectNode effectNode="0>0|12|0|6|0|2|0" materialType="unloading" materialTypeId="3" delay="0"/>
            <effectNode effectNode="0>0|12|0|6|0|2|1" materialType="smoke" materialTypeId="1" delay="0.1"/>
        </fillEffect>
        <chopperEffect>
            <effectNode effectNode="effectChopperCenter" materialType="chopper" materialTypeId="1" delay="0"/>
            <effectNode effectNode="effectChopperLeft" materialType="chopper" materialTypeId="1" delay="0"/>
            <effectNode effectNode="effectChopperRight" materialType="chopper" materialTypeId="1" delay="0"/>
            <effectNode effectNode="effectParticleChopper" effectClass="ParticleEffect" particleType="chopper" worldSpace="false"/>
            <effectNode effectNode="effectParticleChopperSmoke" effectClass="ParticleEffect" particleType="smoke"/>
        </chopperEffect>
        <strawEffect>
            <effectNode effectNode="effectStrawCenter" materialType="straw" materialTypeId="1" delay="0"/>
            <effectNode effectNode="effectStrawLeft" materialType="chopper" materialTypeId="1" delay="0"/>
            <effectNode effectNode="effectStrawRight" materialType="chopper" materialTypeId="1" delay="0"/>
            <effectNode effectNode="effectParticleStrawSmoke" effectClass="ParticleEffect" particleType="smoke"/>
        </strawEffect>
        <animationNodes>
            <animationNode node="feederBelt" class="ScrollingAnimation" scrollSpeed="1" scrollLength="1" shaderParameterName="offsetUV" shaderParameterComponent="1" toggleVisibility="false" turnOnFadeTime="1" turnOffFadeTime="1"/>
            <animationNode node="thousand" rotSpeed="400" rotAxis="1" turnOnFadeTime="4" turnOffFadeTime="3"/>
            <animationNode node="grainRotor" rotSpeed="-550" rotAxis="3" turnOnFadeTime="4" turnOffFadeTime="3"/>
            <animationNode node="0>0|12|0|6|0|0" rotSpeed="-550" rotAxis="3" turnOnFadeTime="4" turnOffFadeTime="3"/>
            <animationNode node="chopperRotor3" rotSpeed="-1200" rotAxis="2" turnOnFadeTime="5" turnOffFadeTime="4"/>
            <animationNode node="chopperRotor4" rotSpeed="1200" rotAxis="2" turnOnFadeTime="5" turnOffFadeTime="4"/>
            <animationNode node="0>0|9|2|0|0|0" rotSpeed="-1200" rotAxis="2" turnOnFadeTime="5" turnOffFadeTime="4"/>
            <animationNode node="0>0|9|2|0|0|1" rotSpeed="1200" rotAxis="2" turnOnFadeTime="5" turnOffFadeTime="4"/>
        </animationNodes>
        <sounds>
            <start template="HARVESTER_TOOL_START"/>
            <work template="HARVESTER_TOOL_WORK"/>
            <stop template="HARVESTER_TOOL_STOP"/>
        </sounds>
    </combine>
    <honk>
        <sound template="HONK_NEW_HOLLAND_HARVESTER"/>
    </honk>
    <dashboard>
        <groups>
            <group name="MOTOR_ACTIVE" isMotorStarting="true" isMotorRunning="true"/>
        </groups>
        <default>
            <dashboard displayType="EMITTER" node="monitor1" idleValue="-5" intensity="0.2" groups="MOTOR_ACTIVE"/>
            <dashboard displayType="EMITTER" node="monitor2" idleValue="-5" intensity="0.2" groups="MOTOR_ACTIVE"/>
            <dashboard displayType="VISIBILITY" node="indoorHud" groups="MOTOR_ACTIVE"/>
        </default>
    </dashboard>
    <ai>
        <collisionTrigger node="aiCollisionTrigger"/>
    </ai>
    <foliageBending>
        <bendingNode minX="-2.0" maxX="2.0" minZ="-2.5" maxZ="4.2 " yOffset="0.6"/>
    </foliageBending>
    <baseMaterial>
        <material name="cr1090_mat" baseNode="cr1090_vis">
            <shaderParameter name="colorMat0" value="NEWHOLLAND_YELLOW1"/>
        </material>
        <material name="cr1090Parts_mat" baseNode="vis2">
            <shaderParameter name="colorMat2" value="NEWHOLLAND_YELLOW1"/>
        </material>
    </baseMaterial>
    <wearable wearDuration="480" workMultiplier="5" fieldMultiplier="2"/>
    <washable dirtDuration="90" washDuration="1" workMultiplier="4" fieldMultiplier="2"/>
    <i3dMappings>
        <i3dMapping id="cr1090_main_component1" node="0>"/>
        <i3dMapping id="cr1090_vis" node="0>0"/>
        <i3dMapping id="crawlerLeft" node="0>0|0|0"/>
        <i3dMapping id="driveNodeLeft" node="0>0|0|0|0"/>
        <i3dMapping id="driveNodeLeftWheel" node="0>0|0|0|0|0"/>
        <i3dMapping id="crawlerLeftFrontWheel" node="0>0|0|0|1"/>
        <i3dMapping id="crawlerRight" node="0>0|0|1"/>
        <i3dMapping id="driveNodeRight" node="0>0|0|1|0"/>
        <i3dMapping id="driveNodeRightWheel" node="0>0|0|1|0|0"/>
        <i3dMapping id="crawlerRightFrontWheel" node="0>0|0|1|1"/>
        <i3dMapping id="backAxisJoint" node="0>0|0|2"/>
        <i3dMapping id="outdoorCameraTarget" node="0>0|1|0"/>
        <i3dMapping id="outdoorCamera" node="0>0|1|0|0"/>
        <i3dMapping id="indoorCamera" node="0>0|1|1"/>
        <i3dMapping id="cameraRaycastNode1" node="0>0|1|2"/>
        <i3dMapping id="cameraRaycastNode2" node="0>0|1|3"/>
        <i3dMapping id="shadowFocusBox" node="0>0|1|4"/>
        <i3dMapping id="frontLightLow" node="0>0|2|0"/>
        <i3dMapping id="highBeamLow" node="0>0|2|1"/>
        <i3dMapping id="frontLightHigh" node="0>0|2|2"/>
        <i3dMapping id="highBeamHigh" node="0>0|2|3"/>
        <i3dMapping id="workLightBackLow" node="0>0|2|4"/>
        <i3dMapping id="workLightFrontLow" node="0>0|2|5"/>
        <i3dMapping id="workLightBackHigh" node="0>0|2|6"/>
        <i3dMapping id="workLightFrontHigh" node="0>0|2|7"/>
        <i3dMapping id="backLightsHigh" node="0>0|2|8"/>
        <i3dMapping id="turnLightLeftHigh" node="0>0|2|9"/>
        <i3dMapping id="beaconLight1" node="0>0|2|11|0"/>
        <i3dMapping id="beaconLight2" node="0>0|2|11|1"/>
        <i3dMapping id="beaconLight3" node="0>0|2|11|2"/>
        <i3dMapping id="beaconLight4" node="0>0|2|11|3"/>
        <i3dMapping id="beaconLight5" node="0>0|2|11|4"/>
        <i3dMapping id="yellowRound_01_01" node="0>0|2|12|0"/>
        <i3dMapping id="yellowRound_01_02" node="0>0|2|12|1"/>
        <i3dMapping id="yellowRound_01_03" node="0>0|2|12|2"/>
        <i3dMapping id="yellowRound_01_04" node="0>0|2|12|3"/>
        <i3dMapping id="yellowRound_01_05" node="0>0|2|12|4"/>
        <i3dMapping id="yellowRound_01_06" node="0>0|2|12|5"/>
        <i3dMapping id="workingLightCircle_02_01" node="0>0|2|12|6"/>
        <i3dMapping id="workingLightCircle_02_02" node="0>0|2|12|7"/>
        <i3dMapping id="workingLightCircle_02_03" node="0>0|2|12|8"/>
        <i3dMapping id="workingLightCircle_02_04" node="0>0|2|12|9"/>
        <i3dMapping id="workingLightCircle_02_05" node="0>0|2|12|10"/>
        <i3dMapping id="workingLightCircle_02_06" node="0>0|2|12|11"/>
        <i3dMapping id="workingLightCircle_02_01" node="0>0|2|12|32"/>
        <i3dMapping id="workingLightCircle_02_02" node="0>0|2|12|33"/>
        <i3dMapping id="frontLightRectangle_01Orange_right" node="0>0|2|12|12"/>
        <i3dMapping id="workingLightSquare_02_02" node="0>0|2|12|13"/>
        <i3dMapping id="workingLightSquare_02_03" node="0>0|2|12|14"/>
        <i3dMapping id="rearLightCircleWhite_01_01" node="0>0|2|12|15"/>
        <i3dMapping id="rearLightCircleWhite_01_02" node="0>0|2|12|16"/>
        <i3dMapping id="rearLightCircleWhite_01_03" node="0>0|2|12|17"/>
        <i3dMapping id="rearLightCircleWhite_01_04" node="0>0|2|12|18"/>
        <i3dMapping id="rearLightCircleWhite_01_05" node="0>0|2|12|19"/>
        <i3dMapping id="rearLightCircleWhite_01_06" node="0>0|2|12|20"/>
        <i3dMapping id="rearLightCircleWhite_01_07" node="0>0|2|12|21"/>
        <i3dMapping id="rearLightCircleWhite_01_08" node="0>0|2|12|22"/>
        <i3dMapping id="rearLightCircleWhite_01_09" node="0>0|2|12|23"/>
        <i3dMapping id="rearLightCircleWhite_01_10" node="0>0|2|12|24"/>
        <i3dMapping id="rearLightCircleWhite_01_11" node="0>0|2|12|25"/>
        <i3dMapping id="rearLightCircleWhite_01_12" node="0>0|2|12|26"/>
        <i3dMapping id="rearLightCircleWhite_01_13" node="0>0|2|12|27"/>
        <i3dMapping id="rearLightCircleWhite_01_14" node="0>0|2|12|28"/>
        <i3dMapping id="rearLightCircleWhite_01_15" node="0>0|2|12|29"/>
        <i3dMapping id="rearLightCircleWhite_01_16" node="0>0|2|12|30"/>
        <i3dMapping id="rearLightCircleWhite_02_01" node="0>0|2|12|31"/>
        <i3dMapping id="turnlightLeftStatic" node="0>0|2|13|0|0|0"/>
        <i3dMapping id="turnlightLeftStatic1" node="0>0|2|13|0|0|1"/>
        <i3dMapping id="turnlightRightStatic" node="0>0|2|13|0|1|0"/>
        <i3dMapping id="turnlightRightStatic1" node="0>0|2|13|0|1|1"/>
        <i3dMapping id="backlightsStatic" node="0>0|2|13|1|0"/>
        <i3dMapping id="backlightsStatic1" node="0>0|2|13|1|1"/>
        <i3dMapping id="exitPoint" node="0>0|3"/>
        <i3dMapping id="steeringWheel" node="0>0|4|0|0|0"/>
        <i3dMapping id="playerLeftHandTarget" node="0>0|4|0|0|0|0"/>
        <i3dMapping id="attacherJointsRot" node="0>0|5|0|0"/>
        <i3dMapping id="attacherJoint" node="0>0|5|0|0|0"/>
        <i3dMapping id="attacherBottomArm" node="0>0|5|0|1"/>
        <i3dMapping id="feederHydraulicRef" node="0>0|5|0|1|0|1"/>
        <i3dMapping id="feederBelt" node="0>0|5|0|1|0|2"/>
        <i3dMapping id="ptoLeft" node="0>0|5|0|1|0|4"/>
        <i3dMapping id="ptoRight" node="0>0|5|0|1|0|5"/>
        <i3dMapping id="trailerAttacherJoint" node="0>0|5|1|0"/>
        <i3dMapping id="pipe" node="0>0|5|2|0"/>
        <i3dMapping id="pipePart" node="0>0|5|2|0|0|0"/>
        <i3dMapping id="pipeEnd" node="0>0|5|2|0|0|0|0"/>
        <i3dMapping id="effectPipeGrain" node="0>0|5|2|0|0|0|0|0|0"/>
        <i3dMapping id="effectPipeSmoke" node="0>0|5|2|0|0|0|0|0|1"/>
        <i3dMapping id="pipeEndHydraulicRef" node="0>0|5|2|0|0|0|0|1"/>
        <i3dMapping id="dischargeNode" node="0>0|5|2|0|0|0|0|2|0"/>
        <i3dMapping id="pipeEndHydraulic" node="0>0|5|2|0|0|0|1"/>
        <i3dMapping id="pipeEndHydraulicPunch" node="0>0|5|2|0|0|0|1|0"/>
        <i3dMapping id="workLightPipeHigh" node="0>0|5|2|0|0|0|2|0"/>
        <i3dMapping id="pipe2Arm2Ref" node="0>0|5|2|0|0|0|3"/>
        <i3dMapping id="workingLightSquare_02_01" node="0>0|5|2|0|0|0|4"/>
        <i3dMapping id="pipe2Arm" node="0>0|5|2|0|0|1"/>
        <i3dMapping id="pipe2Arm2" node="0>0|5|2|0|0|1|0"/>
        <i3dMapping id="pipe2Arm2RefFrame" node="0>0|5|2|0|0|1|1"/>
        <i3dMapping id="pipeArm2HydraulicRef" node="0>0|5|2|0|0|1|2"/>
        <i3dMapping id="pipeArm2Hydraulic" node="0>0|5|2|0|0|2"/>
        <i3dMapping id="pipeArm2HydraulicPunch" node="0>0|5|2|0|0|2|0"/>
        <i3dMapping id="pipe2ArmRefFrame" node="0>0|5|2|0|0|3"/>
        <i3dMapping id="pipeHydraulicRef" node="0>0|5|2|0|1"/>
        <i3dMapping id="pipePipesRef" node="0>0|5|2|0|2"/>
        <i3dMapping id="seat" node="0>0|6|0"/>
        <i3dMapping id="joystick" node="0>0|6|0|0|0"/>
        <i3dMapping id="playerRightHandTarget" node="0>0|6|0|0|0|0"/>
        <i3dMapping id="joystickDecals" node="0>0|6|0|0|0|1"/>
        <i3dMapping id="playerSkin" node="0>0|6|0|1"/>
        <i3dMapping id="indoorHud" node="0>0|6|0|2"/>
        <i3dMapping id="numbersSpeed" node="0>0|6|0|2|0"/>
        <i3dMapping id="numbersRpm" node="0>0|6|0|2|1"/>
        <i3dMapping id="thousand" node="0>0|6|0|2|1|3"/>
        <i3dMapping id="monitor2" node="0>0|6|0|4"/>
        <i3dMapping id="interiorScreenLight" node="0>0|6|0|5"/>
        <i3dMapping id="seatDecalLight" node="0>0|6|0|6"/>
        <i3dMapping id="playerRightFootTarget" node="0>0|6|1"/>
        <i3dMapping id="playerLeftFootTarget" node="0>0|6|2"/>
        <i3dMapping id="wiperArm1" node="0>0|6|3|0"/>
        <i3dMapping id="wiper" node="0>0|6|3|0|0"/>
        <i3dMapping id="wiperArm2" node="0>0|6|3|1"/>
        <i3dMapping id="aiCollisionTrigger" node="0>0|7|0"/>
        <i3dMapping id="trailerTrigger" node="0>0|7|1"/>
        <i3dMapping id="exhaustEffect" node="0>0|8|0|0"/>
        <i3dMapping id="exhaustFlap" node="0>0|8|0|1"/>
        <i3dMapping id="effectChopperCenter" node="0>0|8|1|0"/>
        <i3dMapping id="effectChopperLeft" node="0>0|8|1|1"/>
        <i3dMapping id="effectChopperRight" node="0>0|8|1|2"/>
        <i3dMapping id="effectParticleChopper" node="0>0|8|1|3"/>
        <i3dMapping id="effectParticleChopperSmoke" node="0>0|8|1|4"/>
        <i3dMapping id="effectStrawCenter" node="0>0|8|2|0"/>
        <i3dMapping id="effectStrawLeft" node="0>0|8|2|1"/>
        <i3dMapping id="effectStrawRight" node="0>0|8|2|2"/>
        <i3dMapping id="effectParticleStrawSmoke" node="0>0|8|2|3"/>
        <i3dMapping id="rotorFan1" node="0>0|9|0|0"/>
        <i3dMapping id="rotorFan2" node="0>0|9|0|1"/>
        <i3dMapping id="granel" node="0>0|9|1|0"/>
        <i3dMapping id="ferro_granel" node="0>0|9|1|0|0"/>
        <i3dMapping id="workingLightCircle_02" node="0>0|9|1|0|5"/>
        <i3dMapping id="graintankLightToggle" node="0>0|9|1|0|6"/>
        <i3dMapping id="workLightTank" node="0>0|9|1|0|6|0"/>
        <i3dMapping id="grainTankDoorBack" node="0>0|9|1|1"/>
        <i3dMapping id="grainTankDoorBackArm" node="0>0|9|1|1|0"/>
        <i3dMapping id="grainTankDoorLeft" node="0>0|9|1|2"/>
        <i3dMapping id="grainTankDoorLeftRotorRef" node="0>0|9|1|2|0"/>
        <i3dMapping id="grainTankDoorLeftChain" node="0>0|9|1|2|1"/>
        <i3dMapping id="grainTankDoorRight" node="0>0|9|1|3"/>
        <i3dMapping id="grainTankDoorRightRotorRef" node="0>0|9|1|3|0"/>
        <i3dMapping id="grainTankDoorRightChain" node="0>0|9|1|3|1"/>
        <i3dMapping id="joint2" node="0>0|9|1|4|0|0"/>
        <i3dMapping id="joint3" node="0>0|9|1|4|0|1"/>
        <i3dMapping id="joint4" node="0>0|9|1|4|0|2"/>
        <i3dMapping id="joint6" node="0>0|9|1|4|1|0"/>
        <i3dMapping id="joint7" node="0>0|9|1|4|1|1"/>
        <i3dMapping id="joint8" node="0>0|9|1|4|1|2"/>
        <i3dMapping id="joint10" node="0>0|9|1|4|2|0"/>
        <i3dMapping id="joint11" node="0>0|9|1|4|2|1"/>
        <i3dMapping id="joint12" node="0>0|9|1|4|2|2"/>
        <i3dMapping id="joint14" node="0>0|9|1|4|3|0"/>
        <i3dMapping id="joint15" node="0>0|9|1|4|3|1"/>
        <i3dMapping id="joint16" node="0>0|9|1|4|3|2"/>
        <i3dMapping id="grainTankRotor" node="0>0|9|1|6|0"/>
        <i3dMapping id="grainRotor" node="0>0|9|1|6|0|0"/>
        <i3dMapping id="grainTankRotorChain" node="0>0|9|1|6|0|1"/>
        <i3dMapping id="grain1" node="0>0|9|1|1|0|2|0"/>
        <i3dMapping id="smoke1" node="0>0|9|1|1|0|2|1"/>
        <i3dMapping id="grainTankRotorChainRefFrame" node="0>0|9|1|6|0|3"/>
        <i3dMapping id="grainTankDoorRightRotor" node="0>0|9|1|7"/>
        <i3dMapping id="grainTankDoorRightArm" node="0>0|9|1|7|0"/>
        <i3dMapping id="hydraulicGrainTankRotor" node="0>0|9|1|7|1"/>
        <i3dMapping id="hydraulicGrainTankRotorPunch" node="0>0|9|1|7|1|0"/>
        <i3dMapping id="grainTankRotorChainRef" node="0>0|9|1|7|2"/>
        <i3dMapping id="grainTankDoorFrontArmRef" node="0>0|9|1|7|3"/>
        <i3dMapping id="grainTankDoorBackArmRef" node="0>0|9|1|7|4"/>
        <i3dMapping id="grainTankDoorLeftRotor" node="0>0|9|1|8"/>
        <i3dMapping id="grainTankDoorLeftArm" node="0>0|9|1|8|0"/>
        <i3dMapping id="hydraulicGrainTankRotorRef" node="0>0|9|1|8|1"/>
        <i3dMapping id="grainTankDoorLeftChainRef" node="0>0|9|1|9"/>
        <i3dMapping id="grainTankDoorRightChainRef" node="0>0|9|1|10"/>
        <i3dMapping id="grainTankDoorLeftChainRefFrame" node="0>0|9|1|11"/>
        <i3dMapping id="grainTankDoorRightChainRefFrame" node="0>0|9|1|12"/>
        <i3dMapping id="chopper" node="0>0|9|2|0"/>
        <i3dMapping id="chopperRotor1" node="0>0|9|2|0|0|0"/>
        <i3dMapping id="chopperRotor2" node="0>0|9|2|0|0|1"/>
        <i3dMapping id="chopperArmRef" node="0>0|9|2|0|2"/>
        <i3dMapping id="chopperArm" node="0>0|9|2|1"/>
        <i3dMapping id="chopperArm2" node="0>0|9|2|1|0"/>
        <i3dMapping id="chopperSwitch" node="0>0|9|2|2"/>
        <i3dMapping id="hydraulicChopperSwitchRef" node="0>0|9|2|2|0"/>
        <i3dMapping id="chopperRotor3" node="0>0|9|2|3|0"/>
        <i3dMapping id="chopperRotor4" node="0>0|9|2|3|1"/>
        <i3dMapping id="ladder" node="0>0|9|3"/>
        <i3dMapping id="ladderWide" node="0>0|9|4"/>
        <i3dMapping id="yellowRound_01_07" node="0>0|9|3|2"/>
        <i3dMapping id="feederHydraulic" node="0>0|10|0"/>
        <i3dMapping id="feederHydraulicPunch" node="0>0|10|0|0"/>
        <i3dMapping id="hydraulicChopperSwitch" node="0>0|10|1"/>
        <i3dMapping id="hydraulicChopperSwitchPunch" node="0>0|10|1|0"/>
        <i3dMapping id="pipeHydraulic" node="0>0|10|2"/>
        <i3dMapping id="pipeHydraulicPunch" node="0>0|10|2|0"/>
        <i3dMapping id="pipePipes" node="0>0|10|3"/>
        <i3dMapping id="mirror1Decal" node="0>0|11|0"/>
        <i3dMapping id="mirror2Decal" node="0>0|11|1"/>
        <i3dMapping id="mirror4Decal" node="0>0|11|2"/>
        <i3dMapping id="mirror3Decal" node="0>0|11|3"/>
        <i3dMapping id="fillVolume" node="0>0|13|0"/>
        <i3dMapping id="fillVolumeUnloadNode" node="0>0|13|1"/>
        <i3dMapping id="fillVolumeLoadNode" node="0>0|13|2"/>
        <i3dMapping id="exactFillRootNode" node="0>0|13|3"/>
        <i3dMapping id="workAreaStrawStart" node="0>0|14|0|0"/>
        <i3dMapping id="workAreaStrawWidth" node="0>0|14|0|1"/>
        <i3dMapping id="workAreaStrawHeight" node="0>0|14|0|2"/>
        <i3dMapping id="workAreaChopperStart" node="0>0|14|1|0"/>
        <i3dMapping id="workAreaChopperWidth" node="0>0|14|1|1"/>
        <i3dMapping id="workAreaChopperHeight" node="0>0|14|1|2"/>
        <i3dMapping id="visuals" node="0>0|15"/>
        <i3dMapping id="vis2" node="0>0|15|0"/>
        <i3dMapping id="monitor1" node="0>0|15|7"/>
        <i3dMapping id="cabinDecalLight" node="0>0|15|9"/>
        <i3dMapping id="axisBackLeftRot" node="1>0|0"/>
        <i3dMapping id="axisBackLeft" node="1>0|0|0"/>
        <i3dMapping id="wheelBackLeftRot" node="1>0|0|0|0"/>
        <i3dMapping id="wheelBackLeft" node="1>0|0|0|0|0"/>
        <i3dMapping id="steeringBar" node="1>0|0|0|1"/>
        <i3dMapping id="steeringLeftHydraulicRef" node="1>0|0|0|2"/>
        <i3dMapping id="axisBackRight" node="1>0|1|0"/>
        <i3dMapping id="wheelBackRight" node="1>0|1|0|0|0"/>
        <i3dMapping id="steeringBarRef" node="1>0|1|0|1"/>
        <i3dMapping id="steeringRightHydraulicRef" node="1>0|1|0|2"/>
        <i3dMapping id="steeringLeftHydraulic" node="1>1|0"/>
        <i3dMapping id="steeringLeftHydraulicPunch" node="1>1|0|0"/>
        <i3dMapping id="steeringRightHydraulic" node="1>1|1"/>
        <i3dMapping id="steeringRightHydraulicPunch" node="1>1|1|0"/>
        <i3dMapping id="yellowRound_01_08" node="1>2|0"/>
        <i3dMapping id="yellowRound_01_09" node="1>2|1"/>
    </i3dMappings>
</vehicle>
