﻿<?xml version="1.0" encoding="utf-8" standalone="no" ?>
<modDesc descVersion="53">
    <author>Whiskey Sierra Modding, Adub Modding ABP Team, SIID</author>
    <version>1.0.0.1</version>
    <iconFilename>icon.dds</iconFilename>
    <title>
        <en>New Holland CR10.90 BR/EU</en>
    </title>
    <description>
        <en><![CDATA[The New Holland CR10.90, the powerhouse of harvesters.
-Price: 438.000
-Working speed: 12 km / h
-Extended Ladder
-Speed: 40 km / h
-Power: 731 hp
-Volume: 14,500 liters
-Animated door opened by mouse control
-Numerous Track, and Tire configurations
-Two Grain Tank Options
-Optional Lighting Package
-European, and North American Warning signs.

Changelog 1.0.0.1:
- Corrected Interior Button Colors
- Fixed Braking Issue]]></en>
        <de><![CDATA[Der New Holland CR10.90, das Kraftpaket der Erntemaschinen.
-Preis: 438.000
-Arbeitsgeschwindigkeit: 12 km / h
Geschwindigkeit: 40 km / h
-Erweiterte Leiter
-Leistung: 731 PS
-Volumen: 14.500 Liter
-Animierte Tür, kann per mouseControl geöffnet werden
-Viele Spur- und Reifenkonfigurationen
-Zwei Getreidetankoptionen
-Optionales Beleuchtungspaket
-Europäische und nordamerikanische Warnzeichen.

Änderungsprotokoll 1.0.0.1:
- Korrigierte Farben der inneren Knöpfe
- Bremsproblem behoben]]></de>
        <fr><![CDATA[Le New Holland CR10.90, la puissance des abatteuses.
-Prix: 438.000
-Vitesse de travail: 12 km / h
-Vitesse: 40 km / h
-Échelle étendue
-Puissance: 731 ch
-Volume: 14 500 litres
-Porte animée ouverte par le contrôle de la souris
-De nombreuses configurations de pistes et de pneus
-Deux options de réservoir à grains
-Ensemble d'éclairage en option
- Panneaux d'avertissement européens et nord-américains.

Journal des modifications 1.0.0.1:
- Correction des couleurs des boutons intérieurs
- Problème de freinage fixe]]></fr>
    </description>
    <multiplayer supported="true"/>
    <storeItems>
        <storeItem xmlFilename="cr1090.xml"/>
    </storeItems>
    <vehicleTypes>
        <type name="CR" parent="combineDrivable" className="Vehicle" filename="$dataS/scripts/vehicles/Vehicle.lua"/>
    </vehicleTypes>
    <l10n>
        <text name="configuration_Tankextensions">
            <en>Grain Tank Extensions</en>
            <de>Korntank Erweiterung</de>
            <fr>Extensions de réservoirs à grain</fr>
        </text>
        <text name="configuration_LizardXL">
            <en>Lizard XL</en>
        </text>
        <text name="configuration_tankStandard">
            <en>Standard</en>
            <de>Fabrik</de>
            <fr>Usine</fr>
        </text>
        <text name="configuration_NH_Tracks">
            <en>New Holland Tracks</en>
            <de>New Holland Tracks</de>
        </text>
        <text name="configuration_CNH_Tracks">
            <en>CNH Tracks</en>
            <de>CNH Tracks</de>
        </text>
        <text name="configuration_Smart_Trax">
            <en>SmartTrax</en>
            <de>SmartTrax</de>
        </text>
        <text name="configuration_Smart_Trax_Two">
            <en>SmartTrax™ II</en>
            <de>SmartTrax™ II</de>
        </text>
        <text name="configuration_Lizard">
            <en>LSW</en>
            <de>LSW</de>
        </text>
        <text name="configuration_Lighting">
            <en>Lighting Pack</en>
            <de>Beleuchtungspaket</de>
        </text>
    </l10n>
</modDesc>
