<?xml version="1.0" encoding="utf-8" standalone="no" ?>
<wheel>
    <default>
        <physics radius="0.97" width="0.8" mass="0.315" tireType="mud" frictionScale="1.60" maxLongStiffness="10" maxLatStiffness="120" maxLatStiffnessLoad="2" />
		<tire filename="wheels/dual002.i3d" maxDeformation="0.11" nodeLeft="0|0" nodeRight="0|1" />
	</default>
	<configurations>    
		<configuration id="dual" >
            <tire filename="wheels/dual002.i3d" nodeLeft="0>0" nodeRight="0>1" />
        </configuration>
	</configurations>
</wheel>