﻿<?xml version="1.0" encoding="utf-8" standalone="no"?>
<vehicle type="fertilizingSowingMachine">
    <annotation>LR MODDING</annotation>

    <storeData>
        <name>Massey Ferguson Momentum 40</name>
        <specs>
            <neededPower>420</neededPower>
            <workingWidth>18</workingWidth>
        </specs>
        <functions>
            <function>$l10n_function_sowingMachine</function>
            <function>$l10n_function_sowingMachineDirect</function>
        </functions>
        <image>Store.dds</image>
        <price>230436</price>
        <lifetime>600</lifetime>
        <rotation>0</rotation>
        <brand>masseyFerguson</brand>
        <category>LRVeiculos</category>
		<shopTranslationOffset>0 0 0</shopTranslationOffset>
        <shopRotationOffset>0 0 0</shopRotationOffset>
        <vertexBufferMemoryUsage>6445064</vertexBufferMemoryUsage>
        <indexBufferMemoryUsage>1338450</indexBufferMemoryUsage>
        <textureMemoryUsage>27443616</textureMemoryUsage>
        <instanceVertexBufferMemoryUsage>0</instanceVertexBufferMemoryUsage>
        <instanceIndexBufferMemoryUsage>0</instanceIndexBufferMemoryUsage>
    </storeData>
	
	<base>
		<typeDesc>$l10n_typeDesc_sowingMachine</typeDesc>
		<filename>Massey_Ferguson_Momentum.i3d</filename>
		<size width="6" length="18" lengthOffset="-1"/>
		<speedLimit value="10"/>
		<components>
			<component centerOfMass="0 0.6 4.8" solverIterationCount="10" mass="1000"/>
			<component centerOfMass="0.8 0.09 0.41" solverIterationCount="10" mass="500"/>
			<component centerOfMass="-0.8 0.09 0.41" solverIterationCount="10" mass="500"/>
			<component centerOfMass="0 0 0" solverIterationCount="10" mass="10"/>
			<component centerOfMass="0 0 0" solverIterationCount="10" mass="10"/>
			<component centerOfMass="0 0 0" solverIterationCount="10" mass="10"/>
			<component centerOfMass="0 0 0" solverIterationCount="10" mass="10"/>
			<component centerOfMass="0 0 0" solverIterationCount="10" mass="10"/>
			<component centerOfMass="0 0 0" solverIterationCount="10" mass="10"/>
			<component centerOfMass="0 0 0" solverIterationCount="10" mass="10"/>
			<component centerOfMass="0 0 0" solverIterationCount="10" mass="10"/>
			<component centerOfMass="0 0 0" solverIterationCount="10" mass="10"/>
			<component centerOfMass="0 0 0" solverIterationCount="10" mass="10"/>
			<component centerOfMass="0 0 0" solverIterationCount="10" mass="10"/>
			<component centerOfMass="0 0 0" solverIterationCount="10" mass="10"/>
			<component centerOfMass="0 0 0" solverIterationCount="10" mass="10"/>
			<component centerOfMass="0 0 0" solverIterationCount="10" mass="10"/>
			<component centerOfMass="0 0 0" solverIterationCount="10" mass="10"/>
			<component centerOfMass="0 0 0" solverIterationCount="10" mass="10"/>
			<component centerOfMass="0 0 0" solverIterationCount="10" mass="10"/>
			<component centerOfMass="0 0 0" solverIterationCount="10" mass="10"/>
			<component centerOfMass="0 0 0" solverIterationCount="10" mass="10"/>
			<component centerOfMass="0 0 0" solverIterationCount="10" mass="10"/>
			<component centerOfMass="0 0 0" solverIterationCount="10" mass="10"/>
			<component centerOfMass="0 0 0" solverIterationCount="10" mass="10"/>
			<component centerOfMass="0 0 0" solverIterationCount="10" mass="10"/>
			<component centerOfMass="0 0 0" solverIterationCount="10" mass="10"/>
			<component centerOfMass="0 0 0" solverIterationCount="10" mass="10"/>
			<component centerOfMass="0 0 0" solverIterationCount="10" mass="10"/>
			<component centerOfMass="0 0 0" solverIterationCount="10" mass="10"/>
			<component centerOfMass="0 0 0" solverIterationCount="10" mass="10"/>
			<component centerOfMass="0 0 0" solverIterationCount="10" mass="10"/>
			<component centerOfMass="0 0 0" solverIterationCount="10" mass="10"/>
			<component centerOfMass="0 0 0" solverIterationCount="10" mass="10"/>
			<component centerOfMass="0 0 0" solverIterationCount="10" mass="10"/>
			<component centerOfMass="0 0 0" solverIterationCount="10" mass="10"/>
			<component centerOfMass="0 0 0" solverIterationCount="10" mass="10"/>
			<component centerOfMass="0 0 0" solverIterationCount="10" mass="10"/>
			<component centerOfMass="0 0 0" solverIterationCount="10" mass="10"/>
			<component centerOfMass="0 0 0" solverIterationCount="10" mass="10"/>
			<component centerOfMass="0 0 0" solverIterationCount="10" mass="10"/>
			<component centerOfMass="0 0 0" solverIterationCount="10" mass="10"/>
			<component centerOfMass="0 0 0" solverIterationCount="10" mass="10"/>
			<joint component1="1" component2="2" node="0>10|3|6|0|0" rotLimit="0 0 30" transLimit="0 0 0"/>
			<joint component1="1" component2="3" node="0>10|3|7|0|0" rotLimit="0 0 30" transLimit="0 0 0"/>
			<joint component1="2" component2="4" node="1>0|0|0|30" rotLimit="0 0 0" transLimit="0 0.15 0"/>
			<joint component1="2" component2="5" node="1>0|0|0|31" rotLimit="0 0 0" transLimit="0 0.15 0"/>
			<joint component1="2" component2="6" node="1>0|0|0|32" rotLimit="0 0 0" transLimit="0 0.15 0"/>
			<joint component1="2" component2="7" node="1>0|0|0|33" rotLimit="0 0 0" transLimit="0 0.15 0"/>
			<joint component1="2" component2="8" node="1>0|0|0|34" rotLimit="0 0 0" transLimit="0 0.15 0"/>
			<joint component1="2" component2="9" node="1>0|0|0|35" rotLimit="0 0 0" transLimit="0 0.15 0"/>
			<joint component1="2" component2="10" node="1>0|0|0|36" rotLimit="0 0 0" transLimit="0 0.15 0"/>
			<joint component1="2" component2="11" node="1>0|0|0|37" rotLimit="0 0 0" transLimit="0 0.15 0"/>
			<joint component1="2" component2="12" node="1>0|0|0|38" rotLimit="0 0 0" transLimit="0 0.15 0"/>
			<joint component1="2" component2="13" node="1>0|0|0|39" rotLimit="0 0 0" transLimit="0 0.15 0"/>
			<joint component1="2" component2="14" node="1>0|0|0|40" rotLimit="0 0 0" transLimit="0 0.15 0"/>
			<joint component1="2" component2="15" node="1>0|0|0|41" rotLimit="0 0 0" transLimit="0 0.15 0"/>
			<joint component1="2" component2="16" node="1>0|0|0|42" rotLimit="0 0 0" transLimit="0 0.15 0"/>
			<joint component1="2" component2="17" node="1>0|0|0|43" rotLimit="0 0 0" transLimit="0 0.15 0"/>
			<joint component1="2" component2="18" node="1>0|0|0|44" rotLimit="0 0 0" transLimit="0 0.15 0"/>
			<joint component1="1" component2="19" node="0>10|3|5|0|20" rotLimit="0 0 0" transLimit="0 0.15 0"/>
			<joint component1="1" component2="20" node="0>10|3|5|0|21" rotLimit="0 0 0" transLimit="0 0.15 0"/>
			<joint component1="1" component2="21" node="0>10|3|5|0|22" rotLimit="0 0 0" transLimit="0 0.15 0"/>
			<joint component1="1" component2="22" node="0>10|3|5|0|23" rotLimit="0 0 0" transLimit="0 0.15 0"/>
			<joint component1="1" component2="23" node="0>10|3|5|0|24" rotLimit="0 0 0" transLimit="0 0.15 0"/>
			<joint component1="1" component2="24" node="0>10|3|5|0|25" rotLimit="0 0 0" transLimit="0 0.15 0"/>
			<joint component1="1" component2="25" node="0>10|3|5|0|26" rotLimit="0 0 0" transLimit="0 0.15 0"/>
			<joint component1="1" component2="26" node="0>10|3|5|0|27" rotLimit="0 0 0" transLimit="0 0.15 0"/>
			<joint component1="1" component2="27" node="0>10|3|5|0|28" rotLimit="0 0 0" transLimit="0 0.15 0"/>
			<joint component1="1" component2="28" node="0>10|3|5|0|29" rotLimit="0 0 0" transLimit="0 0.15 0"/>
			<joint component1="3" component2="29" node="2>0|0|0|30" rotLimit="0 0 0" transLimit="0 0.15 0"/>
			<joint component1="3" component2="30" node="2>0|0|0|31" rotLimit="0 0 0" transLimit="0 0.15 0"/>
			<joint component1="3" component2="31" node="2>0|0|0|32" rotLimit="0 0 0" transLimit="0 0.15 0"/>
			<joint component1="3" component2="32" node="2>0|0|0|33" rotLimit="0 0 0" transLimit="0 0.15 0"/>
			<joint component1="3" component2="33" node="2>0|0|0|34" rotLimit="0 0 0" transLimit="0 0.15 0"/>
			<joint component1="3" component2="34" node="2>0|0|0|35" rotLimit="0 0 0" transLimit="0 0.15 0"/>
			<joint component1="3" component2="35" node="2>0|0|0|36" rotLimit="0 0 0" transLimit="0 0.15 0"/>
			<joint component1="3" component2="36" node="2>0|0|0|37" rotLimit="0 0 0" transLimit="0 0.15 0"/>
			<joint component1="3" component2="37" node="2>0|0|0|38" rotLimit="0 0 0" transLimit="0 0.15 0"/>
			<joint component1="3" component2="38" node="2>0|0|0|39" rotLimit="0 0 0" transLimit="0 0.15 0"/>
			<joint component1="3" component2="39" node="2>0|0|0|40" rotLimit="0 0 0" transLimit="0 0.15 0"/>
			<joint component1="3" component2="40" node="2>0|0|0|41" rotLimit="0 0 0" transLimit="0 0.15 0"/>
			<joint component1="3" component2="41" node="2>0|0|0|42" rotLimit="0 0 0" transLimit="0 0.15 0"/>
			<joint component1="3" component2="42" node="2>0|0|0|43" rotLimit="0 0 0" transLimit="0 0.15 0"/>
			<joint component1="3" component2="43" node="2>0|0|0|44" rotLimit="0 0 0" transLimit="0 0.15 0"/>
    </components>
	<schemaOverlay attacherJointPosition="0 0">
            <default name="DEFAULT_IMPLEMENT"/>
            <turnedOn name="DEFAULT_IMPLEMENT_ON"/>
            <selected name="DEFAULT_IMPLEMENT_SELECTED"/>
            <turnedOnSelected name="DEFAULT_IMPLEMENT_SELECTED_ON"/>
        </schemaOverlay>	
	</base>
	
    <designConfigurations>
	    <designConfiguration name="Massey" price="0">
            <objectChange node="0>10|3|0" visibilityActive="true" visibilityInactive="false"/>
            <objectChange node="0>10|3|14" visibilityActive="false" visibilityInactive="false"/>
            <objectChange node="0>10|6|1" visibilityActive="true" visibilityInactive="false"/>
            <objectChange node="0>10|6|2" visibilityActive="false" visibilityInactive="false"/>
            <objectChange node="0>10|3|3" visibilityActive="true" visibilityInactive="false"/>
            <objectChange node="0>10|3|3|0" visibilityActive="true" visibilityInactive="false"/>
            <objectChange node="0>10|3|4|0" visibilityActive="true" visibilityInactive="false"/>
            <objectChange node="0>10|3|15|0" visibilityActive="false" visibilityInactive="false"/>
            <objectChange node="0>10|3|16|0" visibilityActive="false" visibilityInactive="false"/>
            <objectChange node="2>0|1|0|0" visibilityActive="true" visibilityInactive="false"/>
            <objectChange node="2>0|1|1|0" visibilityActive="false" visibilityInactive="false"/>
            <objectChange node="1>0|1|0|0" visibilityActive="true" visibilityInactive="false"/>
            <objectChange node="1>0|1|1|0" visibilityActive="false" visibilityInactive="false"/>
            <objectChange node="0>10|3|17" visibilityActive="true" visibilityInactive="false"/>
            <objectChange node="0>10|3|18" visibilityActive="false" visibilityInactive="false"/>
        </designConfiguration>
        <designConfiguration name="Fendt" price="0">
            <objectChange node="0>10|3|0" visibilityActive="false" visibilityInactive="false"/>
            <objectChange node="0>10|3|14" visibilityActive="true" visibilityInactive="false"/>
            <objectChange node="0>10|6|1" visibilityActive="false" visibilityInactive="false"/>
            <objectChange node="0>10|6|2" visibilityActive="true" visibilityInactive="false"/>
            <objectChange node="0>10|3|3" visibilityActive="false" visibilityInactive="false"/>
            <objectChange node="0>10|3|3|0" visibilityActive="false" visibilityInactive="false"/>
            <objectChange node="0>10|3|4|0" visibilityActive="false" visibilityInactive="false"/>
            <objectChange node="0>10|3|15|0" visibilityActive="true" visibilityInactive="false"/>
            <objectChange node="0>10|3|16|0" visibilityActive="true" visibilityInactive="false"/>
            <objectChange node="2>0|1|0|0" visibilityActive="false" visibilityInactive="false"/>
            <objectChange node="2>0|1|1|0" visibilityActive="true" visibilityInactive="false"/>
            <objectChange node="1>0|1|0|0" visibilityActive="false" visibilityInactive="false"/>
            <objectChange node="1>0|1|1|0" visibilityActive="true" visibilityInactive="false"/>
            <objectChange node="0>10|3|17" visibilityActive="false" visibilityInactive="false"/>
            <objectChange node="0>10|3|18" visibilityActive="true" visibilityInactive="false"/>
        </designConfiguration>
    </designConfigurations>

	<wheels>
        <wheelConfigurations>
            <wheelConfiguration name="$l10n_configuration_valueDefault" price="0">
			    <wheels autoRotateBackSpeed="2.0">
                    <wheel hasTireTracks="true" hasParticles="true">
                        <physics restLoad="0.75" repr="0>10|3|3" radius="0.5" width="0.76" mass="0.5" suspTravel="0.05" spring="50" damper="20" frictionScale="2.5" tireTrackAtlasIndex="4"/>
                    </wheel>
                    <wheel hasTireTracks="true" hasParticles="true">
                        <physics restLoad="0.75" repr="0>10|3|4" radius="0.5" width="0.76" mass="0.5" suspTravel="0.05" spring="50" damper="20" frictionScale="2.5" tireTrackAtlasIndex="4"/>
                    </wheel>
                    <wheel hasTireTracks="true" hasParticles="true">
                        <physics restLoad="0.75" repr="0>10|3|15" radius="0.5" width="0.76" mass="0.5" suspTravel="0.05" spring="50" damper="20" frictionScale="2.5" tireTrackAtlasIndex="4"/>
                    </wheel>
                    <wheel hasTireTracks="true" hasParticles="true">
                        <physics restLoad="0.75" repr="0>10|3|16" radius="0.5" width="0.76" mass="0.5" suspTravel="0.05" spring="50" damper="20" frictionScale="2.5" tireTrackAtlasIndex="4"/>
                    </wheel>
                    <wheel hasTireTracks="true" hasParticles="true">
                        <physics restLoad="0.75" repr="1>0|1|0" radius="0.5" width="0.76" mass="0.5" suspTravel="0.05" spring="50" damper="20" frictionScale="2.5" tireTrackAtlasIndex="4"/>
                    </wheel>
                    <wheel hasTireTracks="true" hasParticles="true">
                        <physics restLoad="0.75" repr="1>0|1|1" radius="0.5" width="0.76" mass="0.5" suspTravel="0.05" spring="50" damper="20" frictionScale="2.5" tireTrackAtlasIndex="4"/>
                    </wheel>
                    <wheel hasTireTracks="true" hasParticles="true">
                        <physics restLoad="0.75" repr="2>0|1|0" radius="0.5" width="0.76" mass="0.5" suspTravel="0.05" spring="50" damper="20" frictionScale="2.5" tireTrackAtlasIndex="4"/>
                    </wheel>
                    <wheel hasTireTracks="true" hasParticles="true">
                        <physics restLoad="0.75" repr="2>0|1|1" radius="0.5" width="0.76" mass="0.5" suspTravel="0.05" spring="50" damper="20" frictionScale="2.5" tireTrackAtlasIndex="4"/>
                    </wheel>
                </wheels>
            </wheelConfiguration>
        </wheelConfigurations>
    </wheels>

    <lights>
        <realLights>
            <low>
                <light node="0>10|3|13|0"   lightTypes="1"/>
            </low>
            <high>
                <light node="0>10|3|13|0"   lightTypes="1"/>
                <light node="0>10|3|13|1"   lightTypes="1"/>
                <turnLightLeft node="0>10|3|13|3" />
                <turnLightRight node="0>10|3|13|4" />
                <light node="0>10|3|13|6"        lightTypes="0"/>
                <brakeLight node="0>10|3|13|6" />
            </high>
        </realLights>

        <turnLights>
            <turnLightLeft shaderNode="0>10|3|13|2|2|0|0" intensity="1"/>
            <turnLightLeft shaderNode="0>10|3|13|2|2|0|1" />
            <turnLightRight shaderNode="0>10|3|13|2|3|0|0" intensity="1"/>
            <turnLightRight shaderNode="0>10|3|13|2|3|0|1" />
        </turnLights>

        <defaultLights>
            <defaultLight shaderNode="0>10|3|13|2|0|0|0|1"     lightTypes="1"/>
            <defaultLight shaderNode="0>10|3|13|2|1|0|0|1"     lightTypes="1"/>
            <defaultLight shaderNode="0>10|3|13|5|0|0|0"     lightTypes="0"/>
            <defaultLight shaderNode="0>10|3|13|5|0|0|1"     lightTypes="0"/>
            <defaultLight shaderNode="0>10|3|13|5|0|1|0"     lightTypes="0"/>
            <defaultLight shaderNode="0>10|3|13|5|0|1|1"     lightTypes="0"/>
        </defaultLights>

        <brakeLights>
            <brakeLight shaderNode="0>10|3|13|5|0|0|0" intensity="5"/>
            <brakeLight shaderNode="0>10|3|13|5|0|0|1" />
            <brakeLight shaderNode="0>10|3|13|5|0|1|0" intensity="5"/>
            <brakeLight shaderNode="00>10|3|13|5|0|1|1" />
        </brakeLights>
    </lights>

    <fillUnit>
        <fillUnitConfigurations>
            <fillUnitConfiguration>
                <fillUnits>
                    <unloading width="28" offset="0 0 0" />
                    <fillUnit unit="$l10n_unit_literShort" fillTypes="seeds" capacity="4250" >
                        <exactFillRootNode node="exactFillRootNodeFertilizer" extraEffectDistance="0.2"/>
                    </fillUnit>
                    <fillUnit unit="$l10n_unit_literShort" fillTypes="fertilizer" capacity="4500">
                      <exactFillRootNode node="exactFillRootNode" extraEffectDistance="0.2"/>
                  </fillUnit>
                </fillUnits>
				<objectChange node="tanque1" visibilityActive="false"/>
            </fillUnitConfiguration>
			<fillUnitConfiguration>
                <fillUnits>
                    <unloading width="28" offset="0 0 0" />
                    <fillUnit unit="$l10n_unit_literShort" fillTypes="seeds" capacity="4250">
                        <exactFillRootNode node="exactFillRootNodeFertilizer" extraEffectDistance="0.2"/>
                    </fillUnit>
                    <fillUnit unit="$l10n_unit_literShort" fillTypes="fertilizer" capacity="5300">
                      <exactFillRootNode node="exactFillRootNode" extraEffectDistance="0.2"/>
                  </fillUnit>
                </fillUnits>
            </fillUnitConfiguration>
        </fillUnitConfigurations>
    </fillUnit>
	
	<fillVolume>
	  <fillVolumeConfigurations>
            <fillVolumeConfiguration>
				<volumes>
				<volume node="0>10|3|0|1|0" fillUnitIndex="1" maxDelta="0.0" />
				<volume node="0>10|3|14|1|0" fillUnitIndex="1" maxDelta="0.0" />
				</volumes>
			</fillVolumeConfiguration>
        </fillVolumeConfigurations>
		
        <unloadInfos>
            <unloadInfo>
                <node node="0>10|3|0|1|1" width="1" length="0.1" />
            </unloadInfo>
            <unloadInfo>
                <node node="0>10|3|0|1|2" width="1" length="0.1" />
            </unloadInfo>
        </unloadInfos>
		
        <unloadInfos>
            <unloadInfo>
                <node node="0>10|3|14|1|1" width="1" length="0.1" />
            </unloadInfo>
            <unloadInfo>
                <node node="0>10|3|14|1|2" width="1" length="0.1" />
            </unloadInfo>
        </unloadInfos>
		
        <loadInfos>
            <loadInfo>
                <node node="0>10|3|0|1|3" width="1" length="0.1" />
            </loadInfo>
            <loadInfo>
                <node node="0>10|3|0|1|4" width="1" length="0.1" />
            </loadInfo>
        </loadInfos>
		
        <loadInfos>
            <loadInfo>
                <node node="0>10|3|14|1|3" width="1" length="0.1" />
            </loadInfo>
            <loadInfo>
                <node node="0>10|3|14|1|4" width="1" length="0.1" />
            </loadInfo>
        </loadInfos>
    </fillVolume>

	<sowingMachine fillUnitIndex="1">
        <needsActivation value="true"/>
        <useDirectPlanting value="true" />
		<allowFillFromAir value="true"/>
        <seedFruitTypeCategories>planter sowingMachine</seedFruitTypeCategories>
        <sounds>
            <work template="DEFAULT_SOWING_WORK">
                <volume outdoor="0.7"/>
                <pitch outdoor="0.5"/>
            </work>
            <airBlower template="DEFAULT_SOWING_AIR_BLOWER">
                <volume outdoor="0.7"/>
                <pitch outdoor="1.2"/>
            </airBlower>
        </sounds>
    </sowingMachine>
	
	<sprayer fillUnitIndex="2" unloadInfoIndex="2" loadInfoIndex="2">
        <usageScales workingWidth="18" scale="1"/>
    </sprayer>

	<attachable>
		<inputAttacherJoints>
			<inputAttacherJoint node="0>10|5|0" jointType="trailerLow" allowsLowering="true" needsLowering="true"/>
		</inputAttacherJoints>
		<brakeForce>0.1</brakeForce>
		<support animationName="moveSupport"/>
	</attachable>

	<workAreas>
		<workArea type="sowingMachine" functionName="processSowingMachineArea">
            <area startNode="0>1" widthNode="0>2" heightNode="0>3"/>
            <groundReferenceNode index="1"/>
            <folding minLimit="0" maxLimit="0.2"/>
        </workArea>
	</workAreas>

    <groundReferenceNodes>
        <groundReferenceNode node="0>10|3|5|0|34"      forceFactor="1" threshold="0.15" depthNode="0>10|3|5|0|33"/>
    </groundReferenceNodes>

    <workParticles>
        <particle>
            <node node="0>10|3|5|0|35|0|0" refNodeIndex="1" particleType="SOIL_SMOKE" emitCountScale="0.3"/>
        </particle>
    </workParticles>

    <speedRotatingParts>
	                                                 RODA
        <speedRotatingPart node="3>0|0" radius="0.22" foldMinLimit="0" foldMaxLimit="0.01" onlyActiveWhenLowered="true"/>
        <speedRotatingPart node="4>0|0" radius="0.22" foldMinLimit="0" foldMaxLimit="0.01" onlyActiveWhenLowered="true"/>
        <speedRotatingPart node="5>0|0" radius="0.22" foldMinLimit="0" foldMaxLimit="0.01" onlyActiveWhenLowered="true"/>
        <speedRotatingPart node="6>0|0" radius="0.22" foldMinLimit="0" foldMaxLimit="0.01" onlyActiveWhenLowered="true"/>
        <speedRotatingPart node="7>0|0" radius="0.22" foldMinLimit="0" foldMaxLimit="0.01" onlyActiveWhenLowered="true"/>
        <speedRotatingPart node="8>0|0" radius="0.22" foldMinLimit="0" foldMaxLimit="0.01" onlyActiveWhenLowered="true"/>
        <speedRotatingPart node="9>0|0" radius="0.22" foldMinLimit="0" foldMaxLimit="0.01" onlyActiveWhenLowered="true"/>
        <speedRotatingPart node="10>0|0" radius="0.22" foldMinLimit="0" foldMaxLimit="0.01" onlyActiveWhenLowered="true"/>
        <speedRotatingPart node="11>0|0" radius="0.22" foldMinLimit="0" foldMaxLimit="0.01" onlyActiveWhenLowered="true"/>
        <speedRotatingPart node="12>0|0" radius="0.22" foldMinLimit="0" foldMaxLimit="0.01" onlyActiveWhenLowered="true"/>
        <speedRotatingPart node="13>0|0" radius="0.22" foldMinLimit="0" foldMaxLimit="0.01" onlyActiveWhenLowered="true"/>
        <speedRotatingPart node="14>0|0" radius="0.22" foldMinLimit="0" foldMaxLimit="0.01" onlyActiveWhenLowered="true"/>
        <speedRotatingPart node="15>0|0" radius="0.22" foldMinLimit="0" foldMaxLimit="0.01" onlyActiveWhenLowered="true"/>
        <speedRotatingPart node="16>0|0" radius="0.22" foldMinLimit="0" foldMaxLimit="0.01" onlyActiveWhenLowered="true"/>
        <speedRotatingPart node="17>0|0" radius="0.22" foldMinLimit="0" foldMaxLimit="0.01" onlyActiveWhenLowered="true"/>
        <speedRotatingPart node="18>0|0" radius="0.22" foldMinLimit="0" foldMaxLimit="0.01" onlyActiveWhenLowered="true"/>
        <speedRotatingPart node="19>0|0" radius="0.22" foldMinLimit="0" foldMaxLimit="0.01" onlyActiveWhenLowered="true"/>
        <speedRotatingPart node="20>0|0" radius="0.22" foldMinLimit="0" foldMaxLimit="0.01" onlyActiveWhenLowered="true"/>
        <speedRotatingPart node="21>0|0" radius="0.22" foldMinLimit="0" foldMaxLimit="0.01" onlyActiveWhenLowered="true"/>
        <speedRotatingPart node="22>0|0" radius="0.22" foldMinLimit="0" foldMaxLimit="0.01" onlyActiveWhenLowered="true"/>
        <speedRotatingPart node="23>0|0" radius="0.22" foldMinLimit="0" foldMaxLimit="0.01" onlyActiveWhenLowered="true"/>
        <speedRotatingPart node="24>0|0" radius="0.22" foldMinLimit="0" foldMaxLimit="0.01" onlyActiveWhenLowered="true"/>
        <speedRotatingPart node="25>0|0" radius="0.22" foldMinLimit="0" foldMaxLimit="0.01" onlyActiveWhenLowered="true"/>
        <speedRotatingPart node="26>0|0" radius="0.22" foldMinLimit="0" foldMaxLimit="0.01" onlyActiveWhenLowered="true"/>
        <speedRotatingPart node="27>0|0" radius="0.22" foldMinLimit="0" foldMaxLimit="0.01" onlyActiveWhenLowered="true"/>
        <speedRotatingPart node="28>0|0" radius="0.22" foldMinLimit="0" foldMaxLimit="0.01" onlyActiveWhenLowered="true"/>
        <speedRotatingPart node="29>0|0" radius="0.22" foldMinLimit="0" foldMaxLimit="0.01" onlyActiveWhenLowered="true"/>
        <speedRotatingPart node="30>0|0" radius="0.22" foldMinLimit="0" foldMaxLimit="0.01" onlyActiveWhenLowered="true"/>
        <speedRotatingPart node="31>0|0" radius="0.22" foldMinLimit="0" foldMaxLimit="0.01" onlyActiveWhenLowered="true"/>
        <speedRotatingPart node="32>0|0" radius="0.22" foldMinLimit="0" foldMaxLimit="0.01" onlyActiveWhenLowered="true"/>
        <speedRotatingPart node="33>0|0" radius="0.22" foldMinLimit="0" foldMaxLimit="0.01" onlyActiveWhenLowered="true"/>
        <speedRotatingPart node="34>0|0" radius="0.22" foldMinLimit="0" foldMaxLimit="0.01" onlyActiveWhenLowered="true"/>
        <speedRotatingPart node="35>0|0" radius="0.22" foldMinLimit="0" foldMaxLimit="0.01" onlyActiveWhenLowered="true"/>
        <speedRotatingPart node="36>0|0" radius="0.22" foldMinLimit="0" foldMaxLimit="0.01" onlyActiveWhenLowered="true"/>
        <speedRotatingPart node="37>0|0" radius="0.22" foldMinLimit="0" foldMaxLimit="0.01" onlyActiveWhenLowered="true"/>
        <speedRotatingPart node="38>0|0" radius="0.22" foldMinLimit="0" foldMaxLimit="0.01" onlyActiveWhenLowered="true"/>
        <speedRotatingPart node="39>0|0" radius="0.22" foldMinLimit="0" foldMaxLimit="0.01" onlyActiveWhenLowered="true"/>
        <speedRotatingPart node="40>0|0" radius="0.22" foldMinLimit="0" foldMaxLimit="0.01" onlyActiveWhenLowered="true"/>
        <speedRotatingPart node="41>0|0" radius="0.22" foldMinLimit="0" foldMaxLimit="0.01" onlyActiveWhenLowered="true"/>
        <speedRotatingPart node="42>0|0" radius="0.22" foldMinLimit="0" foldMaxLimit="0.01" onlyActiveWhenLowered="true"/>
        <speedRotatingPart node="3>0|1" radius="0.22" foldMinLimit="0" foldMaxLimit="0.01" onlyActiveWhenLowered="true"/>
        <speedRotatingPart node="4>0|1" radius="0.22" foldMinLimit="0" foldMaxLimit="0.01" onlyActiveWhenLowered="true"/>
        <speedRotatingPart node="5>0|1" radius="0.22" foldMinLimit="0" foldMaxLimit="0.01" onlyActiveWhenLowered="true"/>
        <speedRotatingPart node="6>0|1" radius="0.22" foldMinLimit="0" foldMaxLimit="0.01" onlyActiveWhenLowered="true"/>
        <speedRotatingPart node="7>0|1" radius="0.22" foldMinLimit="0" foldMaxLimit="0.01" onlyActiveWhenLowered="true"/>
        <speedRotatingPart node="8>0|1" radius="0.22" foldMinLimit="0" foldMaxLimit="0.01" onlyActiveWhenLowered="true"/>
        <speedRotatingPart node="9>0|1" radius="0.22" foldMinLimit="0" foldMaxLimit="0.01" onlyActiveWhenLowered="true"/>
        <speedRotatingPart node="10>0|1" radius="0.22" foldMinLimit="0" foldMaxLimit="0.01" onlyActiveWhenLowered="true"/>
        <speedRotatingPart node="11>0|1" radius="0.22" foldMinLimit="0" foldMaxLimit="0.01" onlyActiveWhenLowered="true"/>
        <speedRotatingPart node="12>0|1" radius="0.22" foldMinLimit="0" foldMaxLimit="0.01" onlyActiveWhenLowered="true"/>
        <speedRotatingPart node="13>0|1" radius="0.22" foldMinLimit="0" foldMaxLimit="0.01" onlyActiveWhenLowered="true"/>
        <speedRotatingPart node="14>0|1" radius="0.22" foldMinLimit="0" foldMaxLimit="0.01" onlyActiveWhenLowered="true"/>
        <speedRotatingPart node="15>0|1" radius="0.22" foldMinLimit="0" foldMaxLimit="0.01" onlyActiveWhenLowered="true"/>
        <speedRotatingPart node="16>0|1" radius="0.22" foldMinLimit="0" foldMaxLimit="0.01" onlyActiveWhenLowered="true"/>
        <speedRotatingPart node="17>0|1" radius="0.22" foldMinLimit="0" foldMaxLimit="0.01" onlyActiveWhenLowered="true"/>
        <speedRotatingPart node="18>0|1" radius="0.22" foldMinLimit="0" foldMaxLimit="0.01" onlyActiveWhenLowered="true"/>
        <speedRotatingPart node="19>0|1" radius="0.22" foldMinLimit="0" foldMaxLimit="0.01" onlyActiveWhenLowered="true"/>
        <speedRotatingPart node="20>0|1" radius="0.22" foldMinLimit="0" foldMaxLimit="0.01" onlyActiveWhenLowered="true"/>
        <speedRotatingPart node="21>0|1" radius="0.22" foldMinLimit="0" foldMaxLimit="0.01" onlyActiveWhenLowered="true"/>
        <speedRotatingPart node="22>0|1" radius="0.22" foldMinLimit="0" foldMaxLimit="0.01" onlyActiveWhenLowered="true"/>
        <speedRotatingPart node="23>0|1" radius="0.22" foldMinLimit="0" foldMaxLimit="0.01" onlyActiveWhenLowered="true"/>
        <speedRotatingPart node="24>0|1" radius="0.22" foldMinLimit="0" foldMaxLimit="0.01" onlyActiveWhenLowered="true"/>
        <speedRotatingPart node="25>0|1" radius="0.22" foldMinLimit="0" foldMaxLimit="0.01" onlyActiveWhenLowered="true"/>
        <speedRotatingPart node="26>0|1" radius="0.22" foldMinLimit="0" foldMaxLimit="0.01" onlyActiveWhenLowered="true"/>
        <speedRotatingPart node="27>0|1" radius="0.22" foldMinLimit="0" foldMaxLimit="0.01" onlyActiveWhenLowered="true"/>
        <speedRotatingPart node="28>0|1" radius="0.22" foldMinLimit="0" foldMaxLimit="0.01" onlyActiveWhenLowered="true"/>
        <speedRotatingPart node="29>0|1" radius="0.22" foldMinLimit="0" foldMaxLimit="0.01" onlyActiveWhenLowered="true"/>
        <speedRotatingPart node="30>0|1" radius="0.22" foldMinLimit="0" foldMaxLimit="0.01" onlyActiveWhenLowered="true"/>
        <speedRotatingPart node="31>0|1" radius="0.22" foldMinLimit="0" foldMaxLimit="0.01" onlyActiveWhenLowered="true"/>
        <speedRotatingPart node="32>0|1" radius="0.22" foldMinLimit="0" foldMaxLimit="0.01" onlyActiveWhenLowered="true"/>
        <speedRotatingPart node="33>0|1" radius="0.22" foldMinLimit="0" foldMaxLimit="0.01" onlyActiveWhenLowered="true"/>
        <speedRotatingPart node="34>0|1" radius="0.22" foldMinLimit="0" foldMaxLimit="0.01" onlyActiveWhenLowered="true"/>
        <speedRotatingPart node="35>0|1" radius="0.22" foldMinLimit="0" foldMaxLimit="0.01" onlyActiveWhenLowered="true"/>
        <speedRotatingPart node="36>0|1" radius="0.22" foldMinLimit="0" foldMaxLimit="0.01" onlyActiveWhenLowered="true"/>
        <speedRotatingPart node="37>0|1" radius="0.22" foldMinLimit="0" foldMaxLimit="0.01" onlyActiveWhenLowered="true"/>
        <speedRotatingPart node="38>0|1" radius="0.22" foldMinLimit="0" foldMaxLimit="0.01" onlyActiveWhenLowered="true"/>
        <speedRotatingPart node="39>0|1" radius="0.22" foldMinLimit="0" foldMaxLimit="0.01" onlyActiveWhenLowered="true"/>
        <speedRotatingPart node="40>0|1" radius="0.22" foldMinLimit="0" foldMaxLimit="0.01" onlyActiveWhenLowered="true"/>
        <speedRotatingPart node="41>0|1" radius="0.22" foldMinLimit="0" foldMaxLimit="0.01" onlyActiveWhenLowered="true"/>
        <speedRotatingPart node="42>0|1" radius="0.22" foldMinLimit="0" foldMaxLimit="0.01" onlyActiveWhenLowered="true"/>
        <speedRotatingPart node="3>0|2" radius="0.22" foldMinLimit="0" foldMaxLimit="0.01" onlyActiveWhenLowered="true"/>
        <speedRotatingPart node="4>0|2" radius="0.22" foldMinLimit="0" foldMaxLimit="0.01" onlyActiveWhenLowered="true"/>
        <speedRotatingPart node="5>0|2" radius="0.22" foldMinLimit="0" foldMaxLimit="0.01" onlyActiveWhenLowered="true"/>
        <speedRotatingPart node="6>0|2" radius="0.22" foldMinLimit="0" foldMaxLimit="0.01" onlyActiveWhenLowered="true"/>
        <speedRotatingPart node="7>0|2" radius="0.22" foldMinLimit="0" foldMaxLimit="0.01" onlyActiveWhenLowered="true"/>
        <speedRotatingPart node="8>0|2" radius="0.22" foldMinLimit="0" foldMaxLimit="0.01" onlyActiveWhenLowered="true"/>
        <speedRotatingPart node="9>0|2" radius="0.22" foldMinLimit="0" foldMaxLimit="0.01" onlyActiveWhenLowered="true"/>
        <speedRotatingPart node="10>0|2" radius="0.22" foldMinLimit="0" foldMaxLimit="0.01" onlyActiveWhenLowered="true"/>
        <speedRotatingPart node="11>0|2" radius="0.22" foldMinLimit="0" foldMaxLimit="0.01" onlyActiveWhenLowered="true"/>
        <speedRotatingPart node="12>0|2" radius="0.22" foldMinLimit="0" foldMaxLimit="0.01" onlyActiveWhenLowered="true"/>
        <speedRotatingPart node="13>0|2" radius="0.22" foldMinLimit="0" foldMaxLimit="0.01" onlyActiveWhenLowered="true"/>
        <speedRotatingPart node="14>0|2" radius="0.22" foldMinLimit="0" foldMaxLimit="0.01" onlyActiveWhenLowered="true"/>
        <speedRotatingPart node="15>0|2" radius="0.22" foldMinLimit="0" foldMaxLimit="0.01" onlyActiveWhenLowered="true"/>
        <speedRotatingPart node="16>0|2" radius="0.22" foldMinLimit="0" foldMaxLimit="0.01" onlyActiveWhenLowered="true"/>
        <speedRotatingPart node="17>0|2" radius="0.22" foldMinLimit="0" foldMaxLimit="0.01" onlyActiveWhenLowered="true"/>
        <speedRotatingPart node="18>0|2" radius="0.22" foldMinLimit="0" foldMaxLimit="0.01" onlyActiveWhenLowered="true"/>
        <speedRotatingPart node="19>0|2" radius="0.22" foldMinLimit="0" foldMaxLimit="0.01" onlyActiveWhenLowered="true"/>
        <speedRotatingPart node="20>0|2" radius="0.22" foldMinLimit="0" foldMaxLimit="0.01" onlyActiveWhenLowered="true"/>
        <speedRotatingPart node="21>0|2" radius="0.22" foldMinLimit="0" foldMaxLimit="0.01" onlyActiveWhenLowered="true"/>
        <speedRotatingPart node="22>0|2" radius="0.22" foldMinLimit="0" foldMaxLimit="0.01" onlyActiveWhenLowered="true"/>
        <speedRotatingPart node="23>0|2" radius="0.22" foldMinLimit="0" foldMaxLimit="0.01" onlyActiveWhenLowered="true"/>
        <speedRotatingPart node="24>0|2" radius="0.22" foldMinLimit="0" foldMaxLimit="0.01" onlyActiveWhenLowered="true"/>
        <speedRotatingPart node="25>0|2" radius="0.22" foldMinLimit="0" foldMaxLimit="0.01" onlyActiveWhenLowered="true"/>
        <speedRotatingPart node="26>0|2" radius="0.22" foldMinLimit="0" foldMaxLimit="0.01" onlyActiveWhenLowered="true"/>
        <speedRotatingPart node="27>0|2" radius="0.22" foldMinLimit="0" foldMaxLimit="0.01" onlyActiveWhenLowered="true"/>
        <speedRotatingPart node="28>0|2" radius="0.22" foldMinLimit="0" foldMaxLimit="0.01" onlyActiveWhenLowered="true"/>
        <speedRotatingPart node="29>0|2" radius="0.22" foldMinLimit="0" foldMaxLimit="0.01" onlyActiveWhenLowered="true"/>
        <speedRotatingPart node="30>0|2" radius="0.22" foldMinLimit="0" foldMaxLimit="0.01" onlyActiveWhenLowered="true"/>
        <speedRotatingPart node="31>0|2" radius="0.22" foldMinLimit="0" foldMaxLimit="0.01" onlyActiveWhenLowered="true"/>
        <speedRotatingPart node="32>0|2" radius="0.22" foldMinLimit="0" foldMaxLimit="0.01" onlyActiveWhenLowered="true"/>
        <speedRotatingPart node="33>0|2" radius="0.22" foldMinLimit="0" foldMaxLimit="0.01" onlyActiveWhenLowered="true"/>
        <speedRotatingPart node="34>0|2" radius="0.22" foldMinLimit="0" foldMaxLimit="0.01" onlyActiveWhenLowered="true"/>
        <speedRotatingPart node="35>0|2" radius="0.22" foldMinLimit="0" foldMaxLimit="0.01" onlyActiveWhenLowered="true"/>
        <speedRotatingPart node="36>0|2" radius="0.22" foldMinLimit="0" foldMaxLimit="0.01" onlyActiveWhenLowered="true"/>
        <speedRotatingPart node="37>0|2" radius="0.22" foldMinLimit="0" foldMaxLimit="0.01" onlyActiveWhenLowered="true"/>
        <speedRotatingPart node="38>0|2" radius="0.22" foldMinLimit="0" foldMaxLimit="0.01" onlyActiveWhenLowered="true"/>
        <speedRotatingPart node="39>0|2" radius="0.22" foldMinLimit="0" foldMaxLimit="0.01" onlyActiveWhenLowered="true"/>
        <speedRotatingPart node="40>0|2" radius="0.22" foldMinLimit="0" foldMaxLimit="0.01" onlyActiveWhenLowered="true"/>
        <speedRotatingPart node="41>0|2" radius="0.22" foldMinLimit="0" foldMaxLimit="0.01" onlyActiveWhenLowered="true"/>
        <speedRotatingPart node="42>0|2" radius="0.22" foldMinLimit="0" foldMaxLimit="0.01" onlyActiveWhenLowered="true"/>
		                                                 DISCO
        <speedRotatingPart node="3>0|6|0" radius="0.22" foldMinLimit="0" foldMaxLimit="0.01" onlyActiveWhenLowered="true"/>
        <speedRotatingPart node="3>0|6|1" radius="0.22" foldMinLimit="0" foldMaxLimit="0.01" onlyActiveWhenLowered="true"/>
        <speedRotatingPart node="4>0|6|0" radius="0.22" foldMinLimit="0" foldMaxLimit="0.01" onlyActiveWhenLowered="true"/>
        <speedRotatingPart node="4>0|6|1" radius="0.22" foldMinLimit="0" foldMaxLimit="0.01" onlyActiveWhenLowered="true"/>
        <speedRotatingPart node="5>0|6|0" radius="0.22" foldMinLimit="0" foldMaxLimit="0.01" onlyActiveWhenLowered="true"/>
        <speedRotatingPart node="5>0|6|1" radius="0.22" foldMinLimit="0" foldMaxLimit="0.01" onlyActiveWhenLowered="true"/>
        <speedRotatingPart node="6>0|6|0" radius="0.22" foldMinLimit="0" foldMaxLimit="0.01" onlyActiveWhenLowered="true"/>
        <speedRotatingPart node="6>0|6|1" radius="0.22" foldMinLimit="0" foldMaxLimit="0.01" onlyActiveWhenLowered="true"/>
        <speedRotatingPart node="7>0|6|0" radius="0.22" foldMinLimit="0" foldMaxLimit="0.01" onlyActiveWhenLowered="true"/>
        <speedRotatingPart node="7>0|6|1" radius="0.22" foldMinLimit="0" foldMaxLimit="0.01" onlyActiveWhenLowered="true"/>
        <speedRotatingPart node="8>0|6|0" radius="0.22" foldMinLimit="0" foldMaxLimit="0.01" onlyActiveWhenLowered="true"/>
        <speedRotatingPart node="8>0|6|1" radius="0.22" foldMinLimit="0" foldMaxLimit="0.01" onlyActiveWhenLowered="true"/>
        <speedRotatingPart node="9>0|6|0" radius="0.22" foldMinLimit="0" foldMaxLimit="0.01" onlyActiveWhenLowered="true"/>
        <speedRotatingPart node="9>0|6|1" radius="0.22" foldMinLimit="0" foldMaxLimit="0.01" onlyActiveWhenLowered="true"/>
        <speedRotatingPart node="10>0|6|0" radius="0.22" foldMinLimit="0" foldMaxLimit="0.01" onlyActiveWhenLowered="true"/>
        <speedRotatingPart node="10>0|6|1" radius="0.22" foldMinLimit="0" foldMaxLimit="0.01" onlyActiveWhenLowered="true"/>
        <speedRotatingPart node="11>0|6|0" radius="0.22" foldMinLimit="0" foldMaxLimit="0.01" onlyActiveWhenLowered="true"/>
        <speedRotatingPart node="11>0|6|1" radius="0.22" foldMinLimit="0" foldMaxLimit="0.01" onlyActiveWhenLowered="true"/>
        <speedRotatingPart node="12>0|6|0" radius="0.22" foldMinLimit="0" foldMaxLimit="0.01" onlyActiveWhenLowered="true"/>
        <speedRotatingPart node="12>0|6|1" radius="0.22" foldMinLimit="0" foldMaxLimit="0.01" onlyActiveWhenLowered="true"/>
        <speedRotatingPart node="13>0|6|0" radius="0.22" foldMinLimit="0" foldMaxLimit="0.01" onlyActiveWhenLowered="true"/>
        <speedRotatingPart node="13>0|6|1" radius="0.22" foldMinLimit="0" foldMaxLimit="0.01" onlyActiveWhenLowered="true"/>
        <speedRotatingPart node="14>0|6|0" radius="0.22" foldMinLimit="0" foldMaxLimit="0.01" onlyActiveWhenLowered="true"/>
        <speedRotatingPart node="14>0|6|1" radius="0.22" foldMinLimit="0" foldMaxLimit="0.01" onlyActiveWhenLowered="true"/>
        <speedRotatingPart node="15>0|6|0" radius="0.22" foldMinLimit="0" foldMaxLimit="0.01" onlyActiveWhenLowered="true"/>
        <speedRotatingPart node="15>0|6|1" radius="0.22" foldMinLimit="0" foldMaxLimit="0.01" onlyActiveWhenLowered="true"/>
        <speedRotatingPart node="16>0|6|0" radius="0.22" foldMinLimit="0" foldMaxLimit="0.01" onlyActiveWhenLowered="true"/>
        <speedRotatingPart node="16>0|6|1" radius="0.22" foldMinLimit="0" foldMaxLimit="0.01" onlyActiveWhenLowered="true"/>
        <speedRotatingPart node="17>0|6|0" radius="0.22" foldMinLimit="0" foldMaxLimit="0.01" onlyActiveWhenLowered="true"/>
        <speedRotatingPart node="17>0|6|1" radius="0.22" foldMinLimit="0" foldMaxLimit="0.01" onlyActiveWhenLowered="true"/>
        <speedRotatingPart node="18>0|6|0" radius="0.22" foldMinLimit="0" foldMaxLimit="0.01" onlyActiveWhenLowered="true"/>
        <speedRotatingPart node="18>0|6|1" radius="0.22" foldMinLimit="0" foldMaxLimit="0.01" onlyActiveWhenLowered="true"/>
        <speedRotatingPart node="19>0|6|0" radius="0.22" foldMinLimit="0" foldMaxLimit="0.01" onlyActiveWhenLowered="true"/>
        <speedRotatingPart node="19>0|6|1" radius="0.22" foldMinLimit="0" foldMaxLimit="0.01" onlyActiveWhenLowered="true"/>
        <speedRotatingPart node="20>0|6|0" radius="0.22" foldMinLimit="0" foldMaxLimit="0.01" onlyActiveWhenLowered="true"/>
        <speedRotatingPart node="20>0|6|1" radius="0.22" foldMinLimit="0" foldMaxLimit="0.01" onlyActiveWhenLowered="true"/>
        <speedRotatingPart node="21>0|6|0" radius="0.22" foldMinLimit="0" foldMaxLimit="0.01" onlyActiveWhenLowered="true"/>
        <speedRotatingPart node="21>0|6|1" radius="0.22" foldMinLimit="0" foldMaxLimit="0.01" onlyActiveWhenLowered="true"/>
        <speedRotatingPart node="22>0|6|0" radius="0.22" foldMinLimit="0" foldMaxLimit="0.01" onlyActiveWhenLowered="true"/>
        <speedRotatingPart node="22>0|6|1" radius="0.22" foldMinLimit="0" foldMaxLimit="0.01" onlyActiveWhenLowered="true"/>
        <speedRotatingPart node="23>0|6|0" radius="0.22" foldMinLimit="0" foldMaxLimit="0.01" onlyActiveWhenLowered="true"/>
        <speedRotatingPart node="23>0|6|1" radius="0.22" foldMinLimit="0" foldMaxLimit="0.01" onlyActiveWhenLowered="true"/>
        <speedRotatingPart node="24>0|6|0" radius="0.22" foldMinLimit="0" foldMaxLimit="0.01" onlyActiveWhenLowered="true"/>
        <speedRotatingPart node="24>0|6|1" radius="0.22" foldMinLimit="0" foldMaxLimit="0.01" onlyActiveWhenLowered="true"/>
        <speedRotatingPart node="25>0|6|0" radius="0.22" foldMinLimit="0" foldMaxLimit="0.01" onlyActiveWhenLowered="true"/>
        <speedRotatingPart node="25>0|6|1" radius="0.22" foldMinLimit="0" foldMaxLimit="0.01" onlyActiveWhenLowered="true"/>
        <speedRotatingPart node="26>0|6|0" radius="0.22" foldMinLimit="0" foldMaxLimit="0.01" onlyActiveWhenLowered="true"/>
        <speedRotatingPart node="26>0|6|1" radius="0.22" foldMinLimit="0" foldMaxLimit="0.01" onlyActiveWhenLowered="true"/>
        <speedRotatingPart node="27>0|6|0" radius="0.22" foldMinLimit="0" foldMaxLimit="0.01" onlyActiveWhenLowered="true"/>
        <speedRotatingPart node="27>0|6|1" radius="0.22" foldMinLimit="0" foldMaxLimit="0.01" onlyActiveWhenLowered="true"/>
        <speedRotatingPart node="28>0|6|0" radius="0.22" foldMinLimit="0" foldMaxLimit="0.01" onlyActiveWhenLowered="true"/>
        <speedRotatingPart node="28>0|6|1" radius="0.22" foldMinLimit="0" foldMaxLimit="0.01" onlyActiveWhenLowered="true"/>
        <speedRotatingPart node="29>0|6|0" radius="0.22" foldMinLimit="0" foldMaxLimit="0.01" onlyActiveWhenLowered="true"/>
        <speedRotatingPart node="29>0|6|1" radius="0.22" foldMinLimit="0" foldMaxLimit="0.01" onlyActiveWhenLowered="true"/>
        <speedRotatingPart node="30>0|6|0" radius="0.22" foldMinLimit="0" foldMaxLimit="0.01" onlyActiveWhenLowered="true"/>
        <speedRotatingPart node="30>0|6|1" radius="0.22" foldMinLimit="0" foldMaxLimit="0.01" onlyActiveWhenLowered="true"/>
        <speedRotatingPart node="31>0|6|1" radius="0.22" foldMinLimit="0" foldMaxLimit="0.01" onlyActiveWhenLowered="true"/>
        <speedRotatingPart node="31>0|6|0" radius="0.22" foldMinLimit="0" foldMaxLimit="0.01" onlyActiveWhenLowered="true"/>
        <speedRotatingPart node="32>0|6|1" radius="0.22" foldMinLimit="0" foldMaxLimit="0.01" onlyActiveWhenLowered="true"/>
        <speedRotatingPart node="32>0|6|1" radius="0.22" foldMinLimit="0" foldMaxLimit="0.01" onlyActiveWhenLowered="true"/>
        <speedRotatingPart node="33>0|6|0" radius="0.22" foldMinLimit="0" foldMaxLimit="0.01" onlyActiveWhenLowered="true"/>
        <speedRotatingPart node="33>0|6|1" radius="0.22" foldMinLimit="0" foldMaxLimit="0.01" onlyActiveWhenLowered="true"/>
        <speedRotatingPart node="34>0|6|1" radius="0.22" foldMinLimit="0" foldMaxLimit="0.01" onlyActiveWhenLowered="true"/>
        <speedRotatingPart node="34>0|6|0" radius="0.22" foldMinLimit="0" foldMaxLimit="0.01" onlyActiveWhenLowered="true"/>
        <speedRotatingPart node="35>0|6|1" radius="0.22" foldMinLimit="0" foldMaxLimit="0.01" onlyActiveWhenLowered="true"/>
        <speedRotatingPart node="35>0|6|1" radius="0.22" foldMinLimit="0" foldMaxLimit="0.01" onlyActiveWhenLowered="true"/>
        <speedRotatingPart node="36>0|6|0" radius="0.22" foldMinLimit="0" foldMaxLimit="0.01" onlyActiveWhenLowered="true"/>
        <speedRotatingPart node="36>0|6|1" radius="0.22" foldMinLimit="0" foldMaxLimit="0.01" onlyActiveWhenLowered="true"/>
        <speedRotatingPart node="37>0|6|0" radius="0.22" foldMinLimit="0" foldMaxLimit="0.01" onlyActiveWhenLowered="true"/>
        <speedRotatingPart node="37>0|6|1" radius="0.22" foldMinLimit="0" foldMaxLimit="0.01" onlyActiveWhenLowered="true"/>
        <speedRotatingPart node="38>0|6|0" radius="0.22" foldMinLimit="0" foldMaxLimit="0.01" onlyActiveWhenLowered="true"/>
        <speedRotatingPart node="38>0|6|1" radius="0.22" foldMinLimit="0" foldMaxLimit="0.01" onlyActiveWhenLowered="true"/>
        <speedRotatingPart node="39>0|6|0" radius="0.22" foldMinLimit="0" foldMaxLimit="0.01" onlyActiveWhenLowered="true"/>
        <speedRotatingPart node="39>0|6|1" radius="0.22" foldMinLimit="0" foldMaxLimit="0.01" onlyActiveWhenLowered="true"/>
        <speedRotatingPart node="40>0|6|0" radius="0.22" foldMinLimit="0" foldMaxLimit="0.01" onlyActiveWhenLowered="true"/>
        <speedRotatingPart node="40>0|6|1" radius="0.22" foldMinLimit="0" foldMaxLimit="0.01" onlyActiveWhenLowered="true"/>
        <speedRotatingPart node="41>0|6|0" radius="0.22" foldMinLimit="0" foldMaxLimit="0.01" onlyActiveWhenLowered="true"/>
        <speedRotatingPart node="41>0|6|1" radius="0.22" foldMinLimit="0" foldMaxLimit="0.01" onlyActiveWhenLowered="true"/>
        <speedRotatingPart node="42>0|6|0" radius="0.22" foldMinLimit="0" foldMaxLimit="0.01" onlyActiveWhenLowered="true"/>
        <speedRotatingPart node="42>0|6|1" radius="0.22" foldMinLimit="0" foldMaxLimit="0.01" onlyActiveWhenLowered="true"/>
		                                                  DISCO DE CORTE LADO E
        <speedRotatingPart node="1>0|0|37|7" radius="0.22" foldMinLimit="0" foldMaxLimit="0.01" onlyActiveWhenLowered="true"/>
        <speedRotatingPart node="1>0|0|38|6" radius="0.22" foldMinLimit="0" foldMaxLimit="0.01" onlyActiveWhenLowered="true"/>
		                                                  DISCO DE CORTE LADO D
        <speedRotatingPart node="2>0|0|37|6" radius="0.22" foldMinLimit="0" foldMaxLimit="0.01" onlyActiveWhenLowered="true"/>
        <speedRotatingPart node="2>0|0|38|7" radius="0.22" foldMinLimit="0" foldMaxLimit="0.01" onlyActiveWhenLowered="true"/>
		                                                  DISCO DE CORTE CENTRO
        <speedRotatingPart node="0>10|3|5|27|4" radius="0.22" foldMinLimit="0" foldMaxLimit="0.01" onlyActiveWhenLowered="true"/>
        <speedRotatingPart node="0>10|3|5|28|4" radius="0.22" foldMinLimit="0" foldMaxLimit="0.01" onlyActiveWhenLowered="true"/>
    </speedRotatingParts>

	<ai>
        <needsLowering value="true"/>
        <areaMarkers leftNode="0>4" rightNode="0>5" backNode="0>6"/>
        <sizeMarkers leftNode="0>4" rightNode="0>5" backNode="0>6"/>
        <collisionTrigger node="0>0"/>
        <allowTurnBackward value="false"/>
        <turningRadiusLimitation radius="8"/>
        <toolReverserDirectionNode node="0>6"/>
    </ai>
	
    <foldable>
		<foldingParts startMoveDirection="1" foldMiddleAnimTime="0.1">
			<foldingPart animationName="folding" speedScale="1"/>
			<foldingPart animationName="lowerAnimation" speedScale="1"/>
		</foldingParts>
	</foldable>

    <animations>
        <animation name="lowerAnimation">
            <part node="1>0|0" startTime="0" endTime="10" startRot="0 0 0" endRot="70 0 0"/>
            <part node="0>10|3|5" startTime="0" endTime="6.5" startRot="0 0 0" endRot="45 0 0"/>
            <part node="2>0|0" startTime="0" endTime="10" startRot="0 0 0" endRot="70 0 0"/>
        </animation>
        <animation name="folding">
            <part node="1>0|0" startTime="10" endTime="20" startRot="50 0 0" endRot="70 0 0"/>
            <part node="2>0|0" startTime="10" endTime="20" startRot="50 0 0" endRot="70 0 0"/>
            <part node="0>10|3|5" startTime="10" endTime="20" startRot="50 0 0" endRot="45 0 0"/>
            <part node="0>10|6" startTime="7" endTime="18" startRot="0 0 0" endRot="-82 0 0"/>
            <part node="0>10|3|6" startTime="7" endTime="18" startRot="0 0 0" endRot="0 -90 0"/>
            <part node="0>10|3|7" startTime="7" endTime="18" startRot="0 0 0" endRot="0 90 0"/>
            <part node="0>10|5" startTime="4" endTime="7" startTrans="-0.001 -0.553 7.311" endTrans="-0.001 -0.712 7.311"/>
            <part node="0>10|5" startTime="18" endTime="22" startTrans="-0.001 -0.712 7.311" endTrans="-0.001 -0.803 7.223"/>
            <part node="0>10|3" startTime="7" endTime="18" startTrans="0 0 3.362" endTrans="0 0 0.8"/>
            <part startTime="0" endTime="1" componentJointIndex="1" startRotLimit="0 0 9" endRotLimit="0 0 9" />
            <part startTime="0" endTime="1" componentJointIndex="2" startRotLimit="0 0 9" endRotLimit="0 0 9" />
            <part startTime="2" endTime="3" componentJointIndex="1" startRotLimit="0 0 9" endRotLimit="0 0 9" />
            <part startTime="2" endTime="3" componentJointIndex="2" startRotLimit="0 0 9" endRotLimit="0 0 9" />
            <part startTime="20" endTime="19.5" componentJointIndex="1" startRotLimit="0 0 9" endRotLimit="0 0 0" />
            <part startTime="20" endTime="19.5" componentJointIndex="2" startRotLimit="0 0 9" endRotLimit="0 0 0" />
        </animation>
        <animation name="moveSupport">
            <part node="0>10|3|11" startTime="0" endTime="0" startRot="150 0 0" endRot="0 0 0"/>
            <part node="0>10|7" startTime="0" endTime="0" startRot="0 0 180" endRot="0 0 0"/>
        </animation>
    </animations>

	<cylindered>
		<movingTools>
			<movingTool node="0>10|5">
				<inputAttacherJoint value="true"/>
				<dependentPart node="0>10|2"/>
				<dependentPart node="1>0"/>
				<dependentPart node="2>0"/>
			</movingTool>
			<movingTool node="0>10|3" wheelIndices="1 2">
				<dependentPart node="0>10|3|8|0"/>
				<dependentPart node="0>10|3|9|0"/>
				<dependentPart node="0>10|3|5"/>
				<dependentPart node="1>0|5"/>
				<dependentPart node="2>0|5"/>
			</movingTool>
			<movingTool node="0>10|3|5" wheelIndices="3 4">
				<dependentPart node="0>10|3|1"/>
				<dependentPart node="0>10|3|2"/>
				<dependentPart node="0>10|3|5|0"/>
				<componentJoint index="2" anchorActor="0"/>
				<componentJoint index="3" anchorActor=""/>
				<componentJoint index="18" anchorActor=""/>
				<componentJoint index="19" anchorActor=""/>
				<componentJoint index="20" anchorActor=""/>
				<componentJoint index="21" anchorActor=""/>
				<componentJoint index="22" anchorActor=""/>
				<componentJoint index="23" anchorActor=""/>
				<componentJoint index="24" anchorActor=""/>
				<componentJoint index="25" anchorActor=""/>
				<componentJoint index="26" anchorActor=""/>
				<componentJoint index="27" anchorActor=""/>
				<componentJoint index="28" anchorActor=""/>
			</movingTool>
			<movingTool node="1>0|1" wheelIndices="5 6"/>
			<movingTool node="2>0|1" wheelIndices="7 8"/>
			<movingTool node="0>10|3|6">
				<dependentPart node="0>10|3|8|0"/>
				<componentJoint index="2" anchorActor="0"/>
			</movingTool>
			<movingTool node="0>10|3|7">
				<dependentPart node="0>10|3|9|0"/>
				<componentJoint index="1" anchorActor="0"/>
			</movingTool>
			<movingTool node="1>0|0">
				<dependentPart node="1>0|0|0"/>
				<dependentPart node="1>0|2"/>
				<dependentPart node="1>0|3"/>
				<dependentPart node="1>0|4"/>
				<dependentPart node="0>10|3|8|0"/>
				<dependentPart node="1>0|1"/>
				<componentJoint index="2" anchorActor="0"/>
				<componentJoint index="3" anchorActor=""/>
				<componentJoint index="4" anchorActor=""/>
				<componentJoint index="5" anchorActor=""/>
				<componentJoint index="6" anchorActor=""/>
				<componentJoint index="7" anchorActor=""/>
				<componentJoint index="8" anchorActor=""/>
				<componentJoint index="9" anchorActor=""/>
				<componentJoint index="10" anchorActor=""/>
				<componentJoint index="11" anchorActor=""/>
				<componentJoint index="12" anchorActor=""/>
				<componentJoint index="13" anchorActor=""/>
				<componentJoint index="14" anchorActor=""/>
				<componentJoint index="15" anchorActor=""/>
				<componentJoint index="16" anchorActor=""/>
				<componentJoint index="17" anchorActor=""/>
			</movingTool>
			<movingTool node="2>0|0">
				<dependentPart node="2>0|0|0"/>
				<dependentPart node="2>0|2"/>
				<dependentPart node="2>0|3"/>
				<dependentPart node="2>0|4"/>
				<dependentPart node="0>10|3|9|0"/>
				<dependentPart node="2>0|1"/>
				<componentJoint index="29" anchorActor=""/>
				<componentJoint index="30" anchorActor=""/>
				<componentJoint index="31" anchorActor=""/>
				<componentJoint index="32" anchorActor=""/>
				<componentJoint index="33" anchorActor=""/>
				<componentJoint index="34" anchorActor=""/>
				<componentJoint index="35" anchorActor=""/>
				<componentJoint index="36" anchorActor=""/>
				<componentJoint index="37" anchorActor=""/>
				<componentJoint index="38" anchorActor=""/>
				<componentJoint index="39" anchorActor=""/>
				<componentJoint index="40" anchorActor=""/>
				<componentJoint index="41" anchorActor=""/>
				<componentJoint index="42" anchorActor=""/>
			</movingTool>
		</movingTools>
    <movingParts>
        <movingPart node="0>10|3|8|0" referencePoint="0>10|3|6|2" referenceFrame="0>10|3|6|2" playSound="true">
            <translatingPart node="0>10|3|8|0|0"/>
        </movingPart>
        <movingPart node="0>10|3|9|0" referencePoint="0>10|3|7|2" referenceFrame="0>10|3|7|2" playSound="true">
            <translatingPart node="0>10|3|9|0|0"/>
        </movingPart>
        <movingPart node="0>10|3|1" referencePoint="0>10|3|5|1" referenceFrame="0>10|3|5|1" playSound="true">
            <translatingPart node="0>10|3|1|0"/>
        </movingPart>
        <movingPart node="0>10|3|2" referencePoint="0>10|3|5|2" referenceFrame="0>10|3|5|2" playSound="true">
            <translatingPart node="0>10|3|2|0"/>
        </movingPart>
        <movingPart node="1>0|2" referencePoint="1>0|0|1" referenceFrame="1>0|0|1" playSound="true">
            <translatingPart node="1>0|2|0"/>
        </movingPart>
        <movingPart node="1>0|3" referencePoint="1>0|0|2" referenceFrame="1>0|0|2" playSound="true">
            <translatingPart node="1>0|3|0"/>
        </movingPart>
        <movingPart node="1>0|4" referencePoint="1>0|0|3" referenceFrame="1>0|0|3" playSound="true">
            <translatingPart node="1>0|4|0"/>
        </movingPart>
        <movingPart node="2>0|2" referencePoint="2>0|0|1" referenceFrame="2>0|0|1" playSound="true">
            <translatingPart node="2>0|2|0"/>
        </movingPart>
        <movingPart node="2>0|3" referencePoint="2>0|0|2" referenceFrame="2>0|0|2" playSound="true">
            <translatingPart node="2>0|3|0"/>
        </movingPart>
        <movingPart node="2>0|4" referencePoint="2>0|0|3" referenceFrame="2>0|0|3" playSound="true">
            <translatingPart node="2>0|4|0"/>
        </movingPart>
        <movingPart node="0>10|6" referencePoint="0>10|3|12" referenceFrame="0>10|3|12" playSound="true">
            <translatingPart node="0>10|6|0"/>
        </movingPart>
        <movingPart node="0>10|2" referencePoint="0>10|1|0" referenceFrame="0>10|1|0" playSound="true">
            <translatingPart node="0>10|2|0"/>
        </movingPart>
        <movingPart node="0>10|3|12" referencePoint="0>10|6|0" referenceFrame="0>" isActiveDirty="true" scaleZ="true"/>
        <movingPart node="0>10|0" referencePoint="0>10|5|3" referenceFrame="0>10|5|3" isActiveDirty="true" scaleZ="true"/>
        <movingPart node="0>10|1" referencePoint="0>10|5|2" referenceFrame="0>10|5|2" isActiveDirty="true" scaleZ="true"/>
		                                         BARRA ESQUERDA
        <movingPart node="1>0|5" referencePoint="0>10|9" referenceFrame="0>10|9" isActiveDirty="true" scaleZ="true"/>
		                                         BARRA DIREITA
        <movingPart node="2>0|5" referencePoint="0>10|8" referenceFrame="0>10|8" isActiveDirty="true" scaleZ="true"/>
		                                         ASA ESQUERDA
        <movingPart node="1>0|0|0|0" referencePoint="3>0|3" referenceFrame="3>0|3" isActiveDirty="true" scaleZ="true"/>
        <movingPart node="1>0|0|0|1" referencePoint="3>0|4" referenceFrame="3>0|4" isActiveDirty="true" scaleZ="true"/>
        <movingPart node="1>0|0|0|2" referencePoint="4>0|3" referenceFrame="4>0|3" isActiveDirty="true" scaleZ="true"/>
        <movingPart node="1>0|0|0|3" referencePoint="4>0|4" referenceFrame="4>0|4" isActiveDirty="true" scaleZ="true"/>
        <movingPart node="1>0|0|0|4" referencePoint="5>0|3" referenceFrame="5>0|3" isActiveDirty="true" scaleZ="true"/>
        <movingPart node="1>0|0|0|5" referencePoint="5>0|4" referenceFrame="5>0|4" isActiveDirty="true" scaleZ="true"/>
        <movingPart node="1>0|0|0|6" referencePoint="6>0|3" referenceFrame="6>0|3" isActiveDirty="true" scaleZ="true"/>
        <movingPart node="1>0|0|0|7" referencePoint="6>0|4" referenceFrame="6>0|4" isActiveDirty="true" scaleZ="true"/>
        <movingPart node="1>0|0|0|8" referencePoint="7>0|3" referenceFrame="7>0|3" isActiveDirty="true" scaleZ="true"/>
        <movingPart node="1>0|0|0|9" referencePoint="7>0|4" referenceFrame="7>0|4" isActiveDirty="true" scaleZ="true"/>
        <movingPart node="1>0|0|0|10" referencePoint="8>0|3" referenceFrame="8>0|3" isActiveDirty="true" scaleZ="true"/>
        <movingPart node="1>0|0|0|11" referencePoint="8>0|4" referenceFrame="8>0|4" isActiveDirty="true" scaleZ="true"/>
        <movingPart node="1>0|0|0|12" referencePoint="9>0|3" referenceFrame="9>0|3" isActiveDirty="true" scaleZ="true"/>
        <movingPart node="1>0|0|0|13" referencePoint="9>0|4" referenceFrame="9>0|4" isActiveDirty="true" scaleZ="true"/>
        <movingPart node="1>0|0|0|14" referencePoint="10>0|3" referenceFrame="10>0|3" isActiveDirty="true" scaleZ="true"/>
        <movingPart node="1>0|0|0|15" referencePoint="10>0|4" referenceFrame="10>0|4" isActiveDirty="true" scaleZ="true"/>
        <movingPart node="1>0|0|0|16" referencePoint="11>0|3" referenceFrame="11>0|3" isActiveDirty="true" scaleZ="true"/>
        <movingPart node="1>0|0|0|17" referencePoint="11>0|4" referenceFrame="11>0|4" isActiveDirty="true" scaleZ="true"/>
        <movingPart node="1>0|0|0|18" referencePoint="12>0|3" referenceFrame="12>0|3" isActiveDirty="true" scaleZ="true"/>
        <movingPart node="1>0|0|0|19" referencePoint="12>0|4" referenceFrame="12>0|4" isActiveDirty="true" scaleZ="true"/>
        <movingPart node="1>0|0|0|20" referencePoint="13>0|3" referenceFrame="13>0|3" isActiveDirty="true" scaleZ="true"/>
        <movingPart node="1>0|0|0|21" referencePoint="13>0|4" referenceFrame="13>0|4" isActiveDirty="true" scaleZ="true"/>
        <movingPart node="1>0|0|0|22" referencePoint="14>0|3" referenceFrame="14>0|3" isActiveDirty="true" scaleZ="true"/>
        <movingPart node="1>0|0|0|23" referencePoint="14>0|4" referenceFrame="14>0|4" isActiveDirty="true" scaleZ="true"/>
        <movingPart node="1>0|0|0|24" referencePoint="15>0|3" referenceFrame="15>0|3" isActiveDirty="true" scaleZ="true"/>
        <movingPart node="1>0|0|0|25" referencePoint="15>0|4" referenceFrame="15>0|4" isActiveDirty="true" scaleZ="true"/>
        <movingPart node="1>0|0|0|26" referencePoint="16>0|3" referenceFrame="16>0|3" isActiveDirty="true" scaleZ="true"/>
        <movingPart node="1>0|0|0|27" referencePoint="16>0|4" referenceFrame="16>0|4" isActiveDirty="true" scaleZ="true"/>
        <movingPart node="1>0|0|0|28" referencePoint="17>0|3" referenceFrame="17>0|3" isActiveDirty="true" scaleZ="true"/>
        <movingPart node="1>0|0|0|29" referencePoint="17>0|4" referenceFrame="17>0|4" isActiveDirty="true" scaleZ="true"/>
		                                              MEIO
        <movingPart node="0>10|3|5|0|0" referencePoint="18>0|3" referenceFrame="18>0|3" isActiveDirty="true" scaleZ="true"/>
        <movingPart node="0>10|3|5|0|1" referencePoint="18>0|4" referenceFrame="18>0|4" isActiveDirty="true" scaleZ="true"/>
        <movingPart node="0>10|3|5|0|2" referencePoint="19>0|3" referenceFrame="19>0|3" isActiveDirty="true" scaleZ="true"/>
        <movingPart node="0>10|3|5|0|3" referencePoint="19>0|4" referenceFrame="19>0|4" isActiveDirty="true" scaleZ="true"/>
        <movingPart node="0>10|3|5|0|4" referencePoint="20>0|3" referenceFrame="20>0|3" isActiveDirty="true" scaleZ="true"/>
        <movingPart node="0>10|3|5|0|5" referencePoint="20>0|4" referenceFrame="20>0|4" isActiveDirty="true" scaleZ="true"/>
        <movingPart node="0>10|3|5|0|6" referencePoint="21>0|3" referenceFrame="21>0|3" isActiveDirty="true" scaleZ="true"/>
        <movingPart node="0>10|3|5|0|7" referencePoint="21>0|4" referenceFrame="21>0|4" isActiveDirty="true" scaleZ="true"/>
        <movingPart node="0>10|3|5|0|8" referencePoint="22>0|3" referenceFrame="22>0|3" isActiveDirty="true" scaleZ="true"/>
        <movingPart node="0>10|3|5|0|9" referencePoint="22>0|4" referenceFrame="22>0|4" isActiveDirty="true" scaleZ="true"/>
        <movingPart node="0>10|3|5|0|10" referencePoint="23>0|3" referenceFrame="23>0|3" isActiveDirty="true" scaleZ="true"/>
        <movingPart node="0>10|3|5|0|11" referencePoint="23>0|4" referenceFrame="23>0|4" isActiveDirty="true" scaleZ="true"/>
        <movingPart node="0>10|3|5|0|12" referencePoint="24>0|3" referenceFrame="24>0|3" isActiveDirty="true" scaleZ="true"/>
        <movingPart node="0>10|3|5|0|13" referencePoint="24>0|4" referenceFrame="24>0|4" isActiveDirty="true" scaleZ="true"/>
        <movingPart node="0>10|3|5|0|14" referencePoint="25>0|3" referenceFrame="25>0|3" isActiveDirty="true" scaleZ="true"/>
        <movingPart node="0>10|3|5|0|15" referencePoint="25>0|4" referenceFrame="25>0|4" isActiveDirty="true" scaleZ="true"/>
        <movingPart node="0>10|3|5|0|16" referencePoint="26>0|3" referenceFrame="26>0|3" isActiveDirty="true" scaleZ="true"/>
        <movingPart node="0>10|3|5|0|17" referencePoint="26>0|4" referenceFrame="26>0|4" isActiveDirty="true" scaleZ="true"/>
        <movingPart node="0>10|3|5|0|18" referencePoint="27>0|3" referenceFrame="27>0|3" isActiveDirty="true" scaleZ="true"/>
        <movingPart node="0>10|3|5|0|19" referencePoint="27>0|4" referenceFrame="27>0|4" isActiveDirty="true" scaleZ="true"/>
		                                         ASA DIREITA
        <movingPart node="2>0|0|0|0" referencePoint="28>0|3" referenceFrame="28>0|3" isActiveDirty="true" scaleZ="true"/>
        <movingPart node="2>0|0|0|1" referencePoint="28>0|4" referenceFrame="28>0|4" isActiveDirty="true" scaleZ="true"/>
        <movingPart node="2>0|0|0|2" referencePoint="29>0|3" referenceFrame="29>0|3" isActiveDirty="true" scaleZ="true"/>
        <movingPart node="2>0|0|0|3" referencePoint="29>0|4" referenceFrame="29>0|4" isActiveDirty="true" scaleZ="true"/>
        <movingPart node="2>0|0|0|4" referencePoint="30>0|3" referenceFrame="30>0|3" isActiveDirty="true" scaleZ="true"/>
        <movingPart node="2>0|0|0|5" referencePoint="30>0|4" referenceFrame="30>0|4" isActiveDirty="true" scaleZ="true"/>
        <movingPart node="2>0|0|0|6" referencePoint="31>0|3" referenceFrame="31>0|3" isActiveDirty="true" scaleZ="true"/>
        <movingPart node="2>0|0|0|7" referencePoint="31>0|4" referenceFrame="31>0|4" isActiveDirty="true" scaleZ="true"/>
        <movingPart node="2>0|0|0|8" referencePoint="32>0|3" referenceFrame="32>0|3" isActiveDirty="true" scaleZ="true"/>
        <movingPart node="2>0|0|0|9" referencePoint="32>0|4" referenceFrame="32>0|4" isActiveDirty="true" scaleZ="true"/>
        <movingPart node="2>0|0|0|10" referencePoint="33>0|3" referenceFrame="33>0|3" isActiveDirty="true" scaleZ="true"/>
        <movingPart node="2>0|0|0|11" referencePoint="33>0|4" referenceFrame="33>0|4" isActiveDirty="true" scaleZ="true"/>
        <movingPart node="2>0|0|0|12" referencePoint="34>0|3" referenceFrame="34>0|3" isActiveDirty="true" scaleZ="true"/>
        <movingPart node="2>0|0|0|13" referencePoint="34>0|4" referenceFrame="34>0|4" isActiveDirty="true" scaleZ="true"/>
        <movingPart node="2>0|0|0|14" referencePoint="35>0|3" referenceFrame="35>0|3" isActiveDirty="true" scaleZ="true"/>
        <movingPart node="2>0|0|0|15" referencePoint="35>0|4" referenceFrame="35>0|4" isActiveDirty="true" scaleZ="true"/>
        <movingPart node="2>0|0|0|16" referencePoint="36>0|3" referenceFrame="36>0|3" isActiveDirty="true" scaleZ="true"/>
        <movingPart node="2>0|0|0|17" referencePoint="36>0|4" referenceFrame="36>0|4" isActiveDirty="true" scaleZ="true"/>
        <movingPart node="2>0|0|0|18" referencePoint="37>0|3" referenceFrame="37>0|3" isActiveDirty="true" scaleZ="true"/>
        <movingPart node="2>0|0|0|19" referencePoint="37>0|4" referenceFrame="37>0|4" isActiveDirty="true" scaleZ="true"/>
        <movingPart node="2>0|0|0|20" referencePoint="38>0|3" referenceFrame="38>0|3" isActiveDirty="true" scaleZ="true"/>
        <movingPart node="2>0|0|0|21" referencePoint="38>0|4" referenceFrame="38>0|4" isActiveDirty="true" scaleZ="true"/>
        <movingPart node="2>0|0|0|22" referencePoint="39>0|3" referenceFrame="39>0|3" isActiveDirty="true" scaleZ="true"/>
        <movingPart node="2>0|0|0|23" referencePoint="39>0|4" referenceFrame="39>0|4" isActiveDirty="true" scaleZ="true"/>
        <movingPart node="2>0|0|0|24" referencePoint="40>0|3" referenceFrame="40>0|3" isActiveDirty="true" scaleZ="true"/>
        <movingPart node="2>0|0|0|25" referencePoint="40>0|4" referenceFrame="40>0|4" isActiveDirty="true" scaleZ="true"/>
        <movingPart node="2>0|0|0|26" referencePoint="41>0|3" referenceFrame="41>0|3" isActiveDirty="true" scaleZ="true"/>
        <movingPart node="2>0|0|0|27" referencePoint="41>0|4" referenceFrame="41>0|4" isActiveDirty="true" scaleZ="true"/>
        <movingPart node="2>0|0|0|28" referencePoint="42>0|3" referenceFrame="42>0|3" isActiveDirty="true" scaleZ="true"/>
        <movingPart node="2>0|0|0|29" referencePoint="42>0|4" referenceFrame="42>0|4" isActiveDirty="true" scaleZ="true"/>
		                                          MANGUEIRA ESQUERDA AVACU
        <movingPart node="1>0|0|7" referencePoint="3>0|7" referenceFrame="3>0|7" isActiveDirty="true" scaleZ="true"/>
        <movingPart node="1>0|0|8" referencePoint="4>0|7" referenceFrame="4>0|7" isActiveDirty="true" scaleZ="true"/>
        <movingPart node="1>0|0|9" referencePoint="5>0|7" referenceFrame="5>0|7" isActiveDirty="true" scaleZ="true"/>
        <movingPart node="1>0|0|10" referencePoint="6>0|7" referenceFrame="6>0|7" isActiveDirty="true" scaleZ="true"/>
        <movingPart node="1>0|0|11" referencePoint="7>0|7" referenceFrame="7>0|7" isActiveDirty="true" scaleZ="true"/>
        <movingPart node="1>0|0|12" referencePoint="8>0|7" referenceFrame="8>0|7" isActiveDirty="true" scaleZ="true"/>
        <movingPart node="1>0|0|13" referencePoint="9>0|7" referenceFrame="9>0|7" isActiveDirty="true" scaleZ="true"/>
        <movingPart node="1>0|0|14" referencePoint="10>0|7" referenceFrame="10>0|7" isActiveDirty="true" scaleZ="true"/>
        <movingPart node="1>0|0|15" referencePoint="11>0|7" referenceFrame="11>0|7" isActiveDirty="true" scaleZ="true"/>
        <movingPart node="1>0|0|16" referencePoint="12>0|7" referenceFrame="12>0|7" isActiveDirty="true" scaleZ="true"/>
        <movingPart node="1>0|0|17" referencePoint="13>0|7" referenceFrame="13>0|7" isActiveDirty="true" scaleZ="true"/>
        <movingPart node="1>0|0|18" referencePoint="14>0|7" referenceFrame="14>0|7" isActiveDirty="true" scaleZ="true"/>
        <movingPart node="1>0|0|19" referencePoint="15>0|7" referenceFrame="15>0|7" isActiveDirty="true" scaleZ="true"/>
        <movingPart node="1>0|0|20" referencePoint="16>0|7" referenceFrame="16>0|7" isActiveDirty="true" scaleZ="true"/>
        <movingPart node="1>0|0|21" referencePoint="17>0|7" referenceFrame="17>0|7" isActiveDirty="true" scaleZ="true"/>
		                                              MANGUEIRA ESQUERDA SEMENTE 1
        <movingPart node="1>0|0|22" referencePoint="3>0|8" referenceFrame="3>0|8" isActiveDirty="true" scaleZ="true"/>
        <movingPart node="1>0|0|23" referencePoint="5>0|8" referenceFrame="5>0|8" isActiveDirty="true" scaleZ="true"/>
        <movingPart node="1>0|0|24" referencePoint="7>0|8" referenceFrame="7>0|8" isActiveDirty="true" scaleZ="true"/>
        <movingPart node="1>0|0|25" referencePoint="9>0|8" referenceFrame="9>0|8" isActiveDirty="true" scaleZ="true"/>
        <movingPart node="1>0|0|26" referencePoint="11>0|8" referenceFrame="11>0|8" isActiveDirty="true" scaleZ="true"/>
        <movingPart node="1>0|0|27" referencePoint="13>0|8" referenceFrame="13>0|8" isActiveDirty="true" scaleZ="true"/>
        <movingPart node="1>0|0|28" referencePoint="15>0|8" referenceFrame="15>0|8" isActiveDirty="true" scaleZ="true"/>
		                                              MANGUEIRA ESQUERDA SEMENTE 2
        <movingPart node="1>0|0|29" referencePoint="4>0|8" referenceFrame="4>0|8" isActiveDirty="true" scaleZ="true"/>
        <movingPart node="1>0|0|30" referencePoint="6>0|8" referenceFrame="6>0|8" isActiveDirty="true" scaleZ="true"/>
        <movingPart node="1>0|0|31" referencePoint="8>0|8" referenceFrame="8>0|8" isActiveDirty="true" scaleZ="true"/>
        <movingPart node="1>0|0|32" referencePoint="10>0|8" referenceFrame="10>0|8" isActiveDirty="true" scaleZ="true"/>
        <movingPart node="1>0|0|33" referencePoint="12>0|8" referenceFrame="12>0|8" isActiveDirty="true" scaleZ="true"/>
        <movingPart node="1>0|0|34" referencePoint="14>0|8" referenceFrame="14>0|8" isActiveDirty="true" scaleZ="true"/>
        <movingPart node="1>0|0|35" referencePoint="16>0|8" referenceFrame="16>0|8" isActiveDirty="true" scaleZ="true"/>
        <movingPart node="1>0|0|36" referencePoint="17>0|8" referenceFrame="17>0|8" isActiveDirty="true" scaleZ="true"/>
		                                          MANGUEIRA CENTRO AVACU
        <movingPart node="0>10|3|5|7" referencePoint="18>0|7" referenceFrame="18>0|7" isActiveDirty="true" scaleZ="true"/>
        <movingPart node="0>10|3|5|8" referencePoint="19>0|7" referenceFrame="19>0|7" isActiveDirty="true" scaleZ="true"/>
        <movingPart node="0>10|3|5|9" referencePoint="20>0|7" referenceFrame="20>0|7" isActiveDirty="true" scaleZ="true"/>
        <movingPart node="0>10|3|5|10" referencePoint="21>0|7" referenceFrame="21>0|7" isActiveDirty="true" scaleZ="true"/>
        <movingPart node="0>10|3|5|11" referencePoint="22>0|7" referenceFrame="22>0|7" isActiveDirty="true" scaleZ="true"/>
        <movingPart node="0>10|3|5|12" referencePoint="23>0|7" referenceFrame="23>0|7" isActiveDirty="true" scaleZ="true"/>
        <movingPart node="0>10|3|5|13" referencePoint="24>0|7" referenceFrame="24>0|7" isActiveDirty="true" scaleZ="true"/>
        <movingPart node="0>10|3|5|14" referencePoint="25>0|7" referenceFrame="25>0|7" isActiveDirty="true" scaleZ="true"/>
        <movingPart node="0>10|3|5|15" referencePoint="26>0|7" referenceFrame="26>0|7" isActiveDirty="true" scaleZ="true"/>
        <movingPart node="0>10|3|5|16" referencePoint="27>0|7" referenceFrame="27>0|7" isActiveDirty="true" scaleZ="true"/>
		                                              MANGUEIRA CENTRO SEMENTE 1
        <movingPart node="0>10|3|5|17" referencePoint="18>0|8" referenceFrame="18>0|8" isActiveDirty="true" scaleZ="true"/>
        <movingPart node="0>10|3|5|18" referencePoint="19>0|8" referenceFrame="19>0|8" isActiveDirty="true" scaleZ="true"/>
        <movingPart node="0>10|3|5|19" referencePoint="21>0|8" referenceFrame="21>0|8" isActiveDirty="true" scaleZ="true"/>
        <movingPart node="0>10|3|5|20" referencePoint="23>0|8" referenceFrame="23>0|8" isActiveDirty="true" scaleZ="true"/>
        <movingPart node="0>10|3|5|21" referencePoint="25>0|8" referenceFrame="25>0|8" isActiveDirty="true" scaleZ="true"/>
        <movingPart node="0>10|3|5|22" referencePoint="27>0|8" referenceFrame="27>0|8" isActiveDirty="true" scaleZ="true"/>
		                                              MANGUEIRA CENTRO SEMENTE 2
        <movingPart node="0>10|3|5|23" referencePoint="20>0|8" referenceFrame="20>0|8" isActiveDirty="true" scaleZ="true"/>
        <movingPart node="0>10|3|5|24" referencePoint="22>0|8" referenceFrame="22>0|8" isActiveDirty="true" scaleZ="true"/>
        <movingPart node="0>10|3|5|25" referencePoint="24>0|8" referenceFrame="24>0|8" isActiveDirty="true" scaleZ="true"/>
        <movingPart node="0>10|3|5|26" referencePoint="26>0|8" referenceFrame="26>0|8" isActiveDirty="true" scaleZ="true"/>
		                                          MANGUEIRA DOREITO AVACU
        <movingPart node="2>0|0|7" referencePoint="28>0|7" referenceFrame="28>0|7" isActiveDirty="true" scaleZ="true"/>
        <movingPart node="2>0|0|8" referencePoint="29>0|7" referenceFrame="29>0|7" isActiveDirty="true" scaleZ="true"/>
        <movingPart node="2>0|0|9" referencePoint="30>0|7" referenceFrame="30>0|7" isActiveDirty="true" scaleZ="true"/>
        <movingPart node="2>0|0|10" referencePoint="31>0|7" referenceFrame="31>0|7" isActiveDirty="true" scaleZ="true"/>
        <movingPart node="2>0|0|11" referencePoint="32>0|7" referenceFrame="32>0|7" isActiveDirty="true" scaleZ="true"/>
        <movingPart node="2>0|0|12" referencePoint="33>0|7" referenceFrame="33>0|7" isActiveDirty="true" scaleZ="true"/>
        <movingPart node="2>0|0|13" referencePoint="34>0|7" referenceFrame="34>0|7" isActiveDirty="true" scaleZ="true"/>
        <movingPart node="2>0|0|14" referencePoint="35>0|7" referenceFrame="35>0|7" isActiveDirty="true" scaleZ="true"/>
        <movingPart node="2>0|0|15" referencePoint="36>0|7" referenceFrame="36>0|7" isActiveDirty="true" scaleZ="true"/>
        <movingPart node="2>0|0|16" referencePoint="37>0|7" referenceFrame="37>0|7" isActiveDirty="true" scaleZ="true"/>
        <movingPart node="2>0|0|17" referencePoint="38>0|7" referenceFrame="38>0|7" isActiveDirty="true" scaleZ="true"/>
        <movingPart node="2>0|0|18" referencePoint="39>0|7" referenceFrame="39>0|7" isActiveDirty="true" scaleZ="true"/>
        <movingPart node="2>0|0|19" referencePoint="40>0|7" referenceFrame="40>0|7" isActiveDirty="true" scaleZ="true"/>
        <movingPart node="2>0|0|20" referencePoint="41>0|7" referenceFrame="41>0|7" isActiveDirty="true" scaleZ="true"/>
        <movingPart node="2>0|0|21" referencePoint="42>0|7" referenceFrame="42>0|7" isActiveDirty="true" scaleZ="true"/>
		                                              MANGUEIRA DIREITO SEMENTE 1
        <movingPart node="2>0|0|22" referencePoint="28>0|8" referenceFrame="28>0|8" isActiveDirty="true" scaleZ="true"/>
        <movingPart node="2>0|0|23" referencePoint="29>0|8" referenceFrame="29>0|8" isActiveDirty="true" scaleZ="true"/>
        <movingPart node="2>0|0|24" referencePoint="31>0|8" referenceFrame="31>0|8" isActiveDirty="true" scaleZ="true"/>
        <movingPart node="2>0|0|25" referencePoint="33>0|8" referenceFrame="33>0|8" isActiveDirty="true" scaleZ="true"/>
        <movingPart node="2>0|0|26" referencePoint="35>0|8" referenceFrame="35>0|8" isActiveDirty="true" scaleZ="true"/>
        <movingPart node="2>0|0|27" referencePoint="37>0|8" referenceFrame="37>0|8" isActiveDirty="true" scaleZ="true"/>
        <movingPart node="2>0|0|28" referencePoint="39>0|8" referenceFrame="39>0|8" isActiveDirty="true" scaleZ="true"/>
        <movingPart node="2>0|0|29" referencePoint="41>0|8" referenceFrame="41>0|8" isActiveDirty="true" scaleZ="true"/>
		                                              MANGUEIRA DIREITO SEMENTE 2
        <movingPart node="2>0|0|30" referencePoint="30>0|8" referenceFrame="30>0|8" isActiveDirty="true" scaleZ="true"/>
        <movingPart node="2>0|0|31" referencePoint="32>0|8" referenceFrame="32>0|8" isActiveDirty="true" scaleZ="true"/>
        <movingPart node="2>0|0|32" referencePoint="34>0|8" referenceFrame="34>0|8" isActiveDirty="true" scaleZ="true"/>
        <movingPart node="2>0|0|33" referencePoint="36>0|8" referenceFrame="36>0|8" isActiveDirty="true" scaleZ="true"/>
        <movingPart node="2>0|0|34" referencePoint="38>0|8" referenceFrame="38>0|8" isActiveDirty="true" scaleZ="true"/>
        <movingPart node="2>0|0|35" referencePoint="40>0|8" referenceFrame="40>0|8" isActiveDirty="true" scaleZ="true"/>
        <movingPart node="2>0|0|36" referencePoint="42>0|8" referenceFrame="42>0|8" isActiveDirty="true" scaleZ="true"/>
    </movingParts>
	</cylindered>

    <wearable wearDuration="1000" workMultiplier="3" fieldMultiplier="2"/>
    <washable dirtDuration="100" washDuration="1" workMultiplier="4"/>
</vehicle>
