<?xml version="1.0" encoding="utf-8" standalone="no"?>
<modDesc descVersion="40">
    <author>LR MODDING</author>
    <version>1.0.0.0</version>
    <title>
        <en>Massey Ferguson Momentum 40</en>
        <de>Massey Ferguson Momentum 40</de>
    </title>
	
    <description>
        <en>Massey Ferguson Momentum 40</en>
        <de>Massey Ferguson Momentum 40</de>
    </description>
	
	<changeModTitle modTitle="facebook.com/LR-Modding"/>
	<newcategory name="LRVeiculos" title="LR Modding®" type="TOOL" img="LR.dds" />
	
	<extraSourceFiles>
		<sourceFile filename="Script/ChangeModTitle.lua" />
		<sourceFile filename="Script/categorizer.lua" />
	</extraSourceFiles>
	
    <iconFilename>Store.dds</iconFilename>
	
    <multiplayer supported="true"/>
	
    <storeItems>
        <storeItem xmlFilename="Massey_Ferguson_Momentum.xml"/>
    </storeItems>
	
    <brands>
        <brand name="masseyFerguson" title="Massey Ferguson" image="brand_masseyFerguson.dds"/>
    </brands>
</modDesc>
